raw_path	topic	page_type	target_pages	size
raw/posts/2018/2018-07-03-macos-practice.md	macOS-与-Apple-Silicon	practice	macOS-与-Apple-Silicon-overview	6373
raw/posts/2018/2018-12-26-container-based-load-balancing.md	Docker-容器化	practice	Docker-容器化-overview	2788
raw/posts/2018/2018-12-26-mac-remote-connect-ubuntu-desktop.md	Linux-与系统管理	practice	Linux-与系统管理-overview	677
raw/posts/2018/2018-12-26-open-ssh-service.md	Linux-与系统管理	practice	Linux-与系统管理-overview	1326
raw/posts/2019/2019-02-20-build-a-private-docker-registry.md	Docker-容器化	practice	Docker-容器化-overview	2105
raw/posts/2019/2019-03-05-dockerfile-jdk-mcr(matlab-compiler-runtime).md	Docker-容器化	practice	Docker-容器化-overview	1493
raw/posts/2019/2019-04-12-linux-system-network-configuration.md	Linux-与系统管理	practice	Linux-与系统管理-overview	2210
raw/posts/2019/2019-05-19-install-input-method-on-linux.md	Linux-与系统管理	practice	Linux-与系统管理-overview	461
raw/posts/2019/2019-07-01-use-darknet-to-train-yolov3-on-a-custom-data-set.md	计算机视觉与目标检测	practice	计算机视觉与目标检测-overview	3815
raw/posts/2019/2019-07-09-a-containerized-product-for-model-training-and-deployment-based-on-the-yolov3-algorithm-developed-by-the-darknet-framework.md	计算机视觉与目标检测	practice	计算机视觉与目标检测-overview	5193
raw/posts/2019/2019-07-23-jupyter-notebook-practice.md	IDE-与编辑器	practice	IDE-与编辑器-overview	8849
raw/posts/2019/2019-09-01-use-detectron-to-train-maskrcnn-on-a-custom-dataset.md	计算机视觉与目标检测	practice	计算机视觉与目标检测-overview	3576
raw/posts/2020/2020-06-06-build-a-yolov4-container-application-on-a-custom-data-set.md	计算机视觉与目标检测	practice	计算机视觉与目标检测-overview	6055
raw/posts/2020/2020-06-13-ssh-login-with-key.md	Linux-与系统管理	practice	Linux-与系统管理-overview	1401
raw/posts/2020/2020-06-14-linux-set-time-zone.md	Linux-与系统管理	practice	Linux-与系统管理-overview	741
raw/posts/2020/2020-07-08-convert-annotations-from-pascal-voc-to-yolo-darknet.md	计算机视觉与目标检测	practice	计算机视觉与目标检测-overview	5005
raw/posts/2020/2020-07-30-use-retinanet-to-train-a-custom-dataset.md	计算机视觉与目标检测	practice	计算机视觉与目标检测-overview	5409
raw/posts/2020/2020-09-03-disk-partition-format-mount.md	Linux-与系统管理	practice	Linux-与系统管理-overview	4953
raw/posts/2020/2020-09-10-nfs-configuration.md	Linux-与系统管理	practice	Linux-与系统管理-overview	1301
raw/posts/2020/2020-09-12-install-harbor.md	Docker-容器化	practice	Docker-容器化-overview	4503
raw/posts/2020/2020-10-15-welcome-to-jekyll.md	Web-开发与在线工具	practice	Web-开发与在线工具-overview	3225
raw/posts/2020/2020-10-16-create-local-ubuntu-repository.md	Linux-与系统管理	practice	Linux-与系统管理-overview	1324
raw/posts/2020/2020-10-17-install-docker-on-ubuntu.md	Linux-与系统管理	practice	Linux-与系统管理-overview	791
raw/posts/2020/2020-10-18-install-nvidia-docker2-on-ubuntu.md	GPU-与-CUDA-开发	practice	GPU-与-CUDA-开发-overview	4235
raw/posts/2020/2020-10-29-modify-user-name-on-linux-system.md	Linux-与系统管理	practice	Linux-与系统管理-overview	2023
raw/posts/2020/2020-10-30-linux-system-dns-settings.md	Linux-与系统管理	practice	Linux-与系统管理-overview	1734
raw/posts/2020/2020-10-31-disable-devices-and-files-for-paging-and-swapping.md	Linux-与系统管理	practice	Linux-与系统管理-overview	776
raw/posts/2020/2020-11-01-configure-apt-mirror-source-on-ubuntu.md	Linux-与系统管理	practice	Linux-与系统管理-overview	1457
raw/posts/2020/2020-11-02-configure-docker-mirror-source.md	Linux-与系统管理	practice	Linux-与系统管理-overview	1090
raw/posts/2020/2020-11-03-install-nvidia-gpu-driver-on-ubuntu.md	GPU-与-CUDA-开发	practice	GPU-与-CUDA-开发-overview	4341
raw/posts/2020/2020-11-04-use-yolov5-to-train-a-custom-dataset.md	计算机视觉与目标检测	practice	计算机视觉与目标检测-overview	4710
raw/posts/2020/2020-11-05-kubernetes-cluster-joins-worker-node.md	Docker-容器化	practice	Docker-容器化-overview	2169
raw/posts/2020/2020-11-06-kubernetes-cluster-build-master-node.md	Docker-容器化	practice	Docker-容器化-overview	8971
raw/posts/2020/2020-11-07-configure-kubernetes-mirror-source.md	Linux-与系统管理	practice	Linux-与系统管理-overview	761
raw/posts/2020/2020-11-08-python-file-directory-path-operation.md	办公自动化与效率工具	practice	办公自动化与效率工具-overview	3912
raw/posts/2020/2020-11-09-configure-pip-mirror-source.md	Linux-与系统管理	practice	Linux-与系统管理-overview	2084
raw/posts/2020/2020-11-10-github-accelerate.md	Linux-与系统管理	practice	Linux-与系统管理-overview	1675
raw/posts/2020/2020-11-28-find-system-information-on-linux.md	GPU-与-CUDA-开发	practice	GPU-与-CUDA-开发-overview	9345
raw/posts/2020/2020-11-30-ssh-allows-root-login-with-password.md	Linux-与系统管理	practice	Linux-与系统管理-overview	1483
raw/posts/2020/2020-12-02-download-docker-and-nvidia-docker2-offline-installation-package-on-ubuntu.md	Docker-容器化	practice	Docker-容器化-overview	3476
raw/posts/2020/2020-12-20-command-ls.md	Linux-与系统管理	practice	Linux-与系统管理-overview	1265
raw/posts/2020/2020-12-21-command-wget.md	Linux-与系统管理	practice	Linux-与系统管理-overview	697
raw/posts/2020/2020-12-22-command-sed.md	Linux-与系统管理	practice	Linux-与系统管理-overview	2191
raw/posts/2020/2020-12-23-image-format-convert-and-resize.md	Linux-与系统管理	practice	Linux-与系统管理-overview	2583
raw/posts/2020/2020-12-28-command-grep.md	Linux-与系统管理	practice	Linux-与系统管理-overview	1759
raw/posts/2020/2020-12-29-command-find.md	Linux-与系统管理	practice	Linux-与系统管理-overview	2375
raw/posts/2021/2021-01-01-run-jupyterlab-and-tensorboard-in-yolov5.md	计算机视觉与目标检测	practice	计算机视觉与目标检测-overview	2259
raw/posts/2021/2021-01-02-command-history.md	Linux-与系统管理	practice	Linux-与系统管理-overview	1119
raw/posts/2021/2021-01-03-command-ffmpeg.md	GPU-与-CUDA-开发	practice	GPU-与-CUDA-开发-overview	5918
raw/posts/2021/2021-01-04-vlc-extension-example.md	Linux-与系统管理	practice	Linux-与系统管理-overview	2791
raw/posts/2021/2021-01-08-building-onnxruntime.md	GPU-与-CUDA-开发	practice	GPU-与-CUDA-开发-overview	3257
raw/posts/2021/2021-01-08-dockerfile-onnxruntime-gpu.md	GPU-与-CUDA-开发	practice	GPU-与-CUDA-开发-overview	2133
raw/posts/2021/2021-01-09-dockerfile-opencv4-ubuntu2004.md	Docker-容器化	practice	Docker-容器化-overview	3471
raw/posts/2021/2021-01-10-apache-http-server-practice.md	Linux-与系统管理	practice	Linux-与系统管理-overview	864
raw/posts/2021/2021-01-11-docker-practice.md	Docker-容器化	practice	Docker-容器化-overview	3154
raw/posts/2021/2021-01-12-create-a-private-python-package-repository-based-on-pypiserver.md	Docker-容器化	practice	Docker-容器化-overview	3308
raw/posts/2021/2021-01-13-create-a-private-ubuntu-repository-based-on-apt-mirror.md	Linux-与系统管理	practice	Linux-与系统管理-overview	8176
raw/posts/2021/2021-01-14-command-chown.md	Linux-与系统管理	practice	Linux-与系统管理-overview	881
raw/posts/2021/2021-01-15-command-ln.md	Linux-与系统管理	practice	Linux-与系统管理-overview	878
raw/posts/2021/2021-01-16-vim-practice.md	Linux-与系统管理	practice	Linux-与系统管理-overview	8032
raw/posts/2021/2021-01-17-command-top.md	Linux-与系统管理	practice	Linux-与系统管理-overview	931
raw/posts/2021/2021-01-18-command-du.md	Linux-与系统管理	practice	Linux-与系统管理-overview	550
raw/posts/2021/2021-01-19-command-cp.md	Linux-与系统管理	practice	Linux-与系统管理-overview	887
raw/posts/2021/2021-01-20-command-tar.md	Linux-与系统管理	practice	Linux-与系统管理-overview	1605
raw/posts/2021/2021-01-20-command-zip.md	Linux-与系统管理	practice	Linux-与系统管理-overview	10756
raw/posts/2021/2021-01-21-command-ssh.md	Linux-与系统管理	practice	Linux-与系统管理-overview	437
raw/posts/2021/2021-01-22-install-ftp-server-based-on-vsftpd.md	Linux-与系统管理	practice	Linux-与系统管理-overview	744
raw/posts/2021/2021-01-24-extract-video-key-frames-and-save-zip-file.md	Linux-与系统管理	practice	Linux-与系统管理-overview	3699
raw/posts/2021/2021-01-29-linux-shell-execution-mode.md	Linux-与系统管理	practice	Linux-与系统管理-overview	1106
raw/posts/2021/2021-01-30-linux-shell-practice.md	Linux-与系统管理	practice	Linux-与系统管理-overview	6116
raw/posts/2021/2021-02-21-build-a-python-development-environment-based-on-nodemcu-esp8266.md	物联网与嵌入式开发	practice	物联网与嵌入式开发-overview	5849
raw/posts/2021/2021-02-22-build-a-python-development-environment-based-on-nodemcu-esp32.md	物联网与嵌入式开发	practice	物联网与嵌入式开发-overview	2768
raw/posts/2021/2021-02-23-smart-light-based-on-tencent-cloud-iot-development-platform.md	物联网与嵌入式开发	practice	物联网与嵌入式开发-overview	10831
raw/posts/2021/2021-02-24-light-sensor-based-on-tencent-cloud-iot-development-platform.md	物联网与嵌入式开发	practice	物联网与嵌入式开发-overview	8117
raw/posts/2021/2021-02-25-install-nvidia-device-plugin-for-kubernetes.md	Kubernetes-编排	practice	Kubernetes-编排-overview	6044
raw/posts/2021/2021-02-26-scene-linkage-based-on-tencent-cloud-iot-development-platform-(smart-lights-and-light-sensors).md	物联网与嵌入式开发	practice	物联网与嵌入式开发-overview	1097
raw/posts/2021/2021-02-27-python-crawler-practice.md	Web-开发与在线工具	practice	Web-开发与在线工具-overview	968
raw/posts/2021/2021-02-28-python-practice.md	办公自动化与效率工具	practice	办公自动化与效率工具-overview	15808
raw/posts/2021/2021-03-01-vscode-practice.md	IDE-与编辑器	practice	IDE-与编辑器-overview	1392
raw/posts/2021/2021-03-04-vscode-remote-development-ssh.md	IDE-与编辑器	practice	IDE-与编辑器-overview	3026
raw/posts/2021/2021-03-15-command-brew.md	macOS-与-Apple-Silicon	practice	macOS-与-Apple-Silicon-overview	3236
raw/posts/2021/2021-03-15-copy-all-picture-files-to-a-directory.md	Linux-与系统管理	practice	Linux-与系统管理-overview	555
raw/posts/2021/2021-03-15-sftp-client.md	Linux-与系统管理	practice	Linux-与系统管理-overview	627
raw/posts/2021/2021-03-21-iot-hardware-neopixel.md	物联网与嵌入式开发	practice	物联网与嵌入式开发-overview	5205
raw/posts/2021/2021-03-22-iot-hardware-respeaker-2-mics-pi-hat.md	物联网与嵌入式开发	practice	物联网与嵌入式开发-overview	4329
raw/posts/2021/2021-03-23-iot-hardware-raspberry-pi-camera.md	物联网与嵌入式开发	practice	物联网与嵌入式开发-overview	3482
raw/posts/2021/2021-04-01-inside-the-container.md	Docker-容器化	practice	Docker-容器化-overview	8527
raw/posts/2021/2021-04-06-command-yum.md	Linux-与系统管理	practice	Linux-与系统管理-overview	1510
raw/posts/2021/2021-04-07-command-helm.md	Kubernetes-编排	practice	Kubernetes-编排-overview	3417
raw/posts/2021/2021-04-09-ssh-login-welcome-message.md	Linux-与系统管理	practice	Linux-与系统管理-overview	5381
raw/posts/2021/2021-04-10-ssh-x11-forwarding.md	macOS-与-Apple-Silicon	practice	macOS-与-Apple-Silicon-overview	1755
raw/posts/2021/2021-04-11-command-base64.md	Linux-与系统管理	practice	Linux-与系统管理-overview	1816
raw/posts/2021/2021-04-12-fritzing.md	物联网与嵌入式开发	practice	物联网与嵌入式开发-overview	1030
raw/posts/2021/2021-04-12-thonny-python-ide.md	物联网与嵌入式开发	practice	物联网与嵌入式开发-overview	1546
raw/posts/2021/2021-04-15-ai-dataset-package-release.md	Linux-与系统管理	practice	Linux-与系统管理-overview	1092
raw/posts/2021/2021-04-16-ai-model-automatic-builder.md	Docker-容器化	practice	Docker-容器化-overview	6183
raw/posts/2021/2021-05-20-gpu-sharing-in-kubernetes.md	GPU-与-CUDA-开发	practice	GPU-与-CUDA-开发-overview	9177
raw/posts/2021/2021-05-24-command-man-help-info.md	Linux-与系统管理	practice	Linux-与系统管理-overview	1913
raw/posts/2021/2021-06-19-kubernetes-cluster-certificate-has-expired.md	Kubernetes-编排	practice	Kubernetes-编排-overview	2598
raw/posts/2021/2021-06-20-delete-node-in-kubernetes.md	Kubernetes-编排	practice	Kubernetes-编排-overview	2150
raw/posts/2021/2021-06-21-run-the-first-application-on-kubernetes.md	Docker-容器化	practice	Docker-容器化-overview	2680
raw/posts/2021/2021-06-22-kubernetes-api.md	Kubernetes-编排	practice	Kubernetes-编排-overview	15007
raw/posts/2021/2021-06-23-connect-pod-via-port-forwarding.md	Kubernetes-编排	practice	Kubernetes-编排-overview	1657
raw/posts/2021/2021-06-24-labels-and-label-selectors-in-kubernetes.md	Kubernetes-编排	practice	Kubernetes-编排-overview	7174
raw/posts/2021/2021-06-25-annotations-in-kubernetes.md	Kubernetes-编排	practice	Kubernetes-编排-overview	1761
raw/posts/2021/2021-06-26-namespaces-in-kubernetes.md	Kubernetes-编排	practice	Kubernetes-编排-overview	5582
raw/posts/2021/2021-06-27-replicationcontroller-and-replicaset-in-kubernetes.md	Kubernetes-编排	practice	Kubernetes-编排-overview	10741
raw/posts/2021/2021-06-28-daemonset-in-kubernetes.md	Kubernetes-编排	practice	Kubernetes-编排-overview	4807
raw/posts/2021/2021-06-29-job-and-cronjob-in-kubernetes.md	Kubernetes-编排	practice	Kubernetes-编排-overview	9490
raw/posts/2021/2021-06-30-create-a-job-based-on-a-template.md	Kubernetes-编排	practice	Kubernetes-编排-overview	4012
raw/posts/2021/2021-07-01-service-in-kubernetes.md	Kubernetes-编排	practice	Kubernetes-编排-overview	17476
raw/posts/2021/2021-07-02-taint-and-toleration-in-kubernetes.md	Kubernetes-编排	practice	Kubernetes-编排-overview	6613
raw/posts/2021/2021-07-03-node-affinity-and-pod-affinity-in-kubernetes.md	Kubernetes-编排	practice	Kubernetes-编排-overview	7327
raw/posts/2021/2021-07-04-volume-in-kubernetes-mount-the-disk-to-the-container.md	Docker-容器化	practice	Docker-容器化-overview	5193
raw/posts/2021/2021-07-05-configmap-and-secret-configure-the-application.md	Docker-容器化	practice	Docker-容器化-overview	25695
raw/posts/2021/2021-07-06-how-to-restore-accidentally-deleted-nodes-in-kubernetes.md	Kubernetes-编排	practice	Kubernetes-编排-overview	4627
raw/posts/2021/2021-07-11-security-protection-of-kubernetes-api-server.md	Kubernetes-编排	practice	Kubernetes-编排-overview	6192
raw/posts/2021/2021-07-15-install-ingress-on-kubernetes.md	Kubernetes-编排	practice	Kubernetes-编排-overview	1605
raw/posts/2021/2021-07-19-minikube.md	Kubernetes-编排	practice	Kubernetes-编排-overview	6840
raw/posts/2021/2021-07-21-kubernetes-jsonpath-practice.md	Kubernetes-编排	practice	Kubernetes-编排-overview	2646
raw/posts/2021/2021-07-22-how-to-package-a-registered-model-with-docker.md	LLM-推理优化	practice	LLM-推理优化-overview	3744
raw/posts/2021/2021-07-23-docker-sdk-for-python-examples.md	办公自动化与效率工具	practice	办公自动化与效率工具-overview	1273
raw/posts/2021/2021-07-27-iptables.md	Linux-与系统管理	practice	Linux-与系统管理-overview	1018
raw/posts/2021/2021-07-28-docker-network.md	Linux-与系统管理	practice	Linux-与系统管理-overview	1300
raw/posts/2021/2021-07-29-computing-resource-management-in-kubernetes.md	Kubernetes-编排	practice	Kubernetes-编排-overview	13119
raw/posts/2021/2021-07-31-multi-tenancy-in-kubernetes.md	Kubernetes-编排	practice	Kubernetes-编排-overview	263
raw/posts/2021/2021-08-02-using-the-python-tempfile-module.md	办公自动化与效率工具	practice	办公自动化与效率工具-overview	1503
raw/posts/2021/2021-08-16-opencv-python-practice.md	计算机视觉与目标检测	practice	计算机视觉与目标检测-overview	7077
raw/posts/2021/2021-08-17-parse-and-modify-xml-in-python.md	办公自动化与效率工具	practice	办公自动化与效率工具-overview	2908
raw/posts/2021/2021-09-17-paddleocr.md	计算机视觉与目标检测	practice	计算机视觉与目标检测-overview	4356
raw/posts/2021/2021-10-22-install-kubernetes-1_21_5.md	Kubernetes-编排	practice	Kubernetes-编排-overview	6672
raw/posts/2021/2021-10-23-install-kubernetes-dashboard.md	Kubernetes-编排	practice	Kubernetes-编排-overview	6710
raw/posts/2021/2021-11-01-remote-execute-shell-command.md	办公自动化与效率工具	practice	办公自动化与效率工具-overview	1599
raw/posts/2021/2021-11-23-command-lftp.md	Linux-与系统管理	practice	Linux-与系统管理-overview	1213
raw/posts/2021/2021-12-01-configure-the-scheduling-strategy-of-the-scheduler-in-kubernetes.md	Kubernetes-编排	practice	Kubernetes-编排-overview	7221
raw/posts/2022/2022-01-04-view-the-contents-of-the-img-file-under-linux.md	Linux-与系统管理	practice	Linux-与系统管理-overview	1232
raw/posts/2022/2022-01-12-compile-the-embedded-operating-system-of-cambrian-mlu220.md	Jetson-与边缘计算	practice	Jetson-与边缘计算-overview	2236
raw/posts/2022/2022-01-13-browse-markdown-and-html-with-terminal.md	Linux-与系统管理	practice	Linux-与系统管理-overview	1017
raw/posts/2022/2022-01-24-install-go.md	Linux-与系统管理	practice	Linux-与系统管理-overview	923
raw/posts/2022/2022-01-28-gaiagpu-sharing-gpus-in-container-clouds.md	GPU-与-CUDA-开发	practice	GPU-与-CUDA-开发-overview	15818
raw/posts/2022/2022-02-08-install-cuda-toolkit-on-linux.md	GPU-与-CUDA-开发	practice	GPU-与-CUDA-开发-overview	5357
raw/posts/2022/2022-02-09-build-an-onnxruntime-based-inference-serving.md	GPU-与-CUDA-开发	practice	GPU-与-CUDA-开发-overview	2725
raw/posts/2022/2022-02-10-logical-volume-management.md	Linux-与系统管理	practice	Linux-与系统管理-overview	5307
raw/posts/2022/2022-02-18-execute-lua-scripts-in-openresty.md	Docker-容器化	practice	Docker-容器化-overview	4611
raw/posts/2022/2022-02-22-command-tr.md	Linux-与系统管理	practice	Linux-与系统管理-overview	1843
raw/posts/2022/2022-02-23-json-formatter.md	Linux-与系统管理	practice	Linux-与系统管理-overview	1111
raw/posts/2022/2022-03-01-minio-quickstart.md	网络与分布式存储	practice	网络与分布式存储-overview	12649
raw/posts/2022/2022-03-12-deep-lesson-rm.md	Linux-与系统管理	practice	Linux-与系统管理-overview	1381
raw/posts/2022/2022-03-17-build-a-development-service-image-based-on-paddlepaddle.md	GPU-与-CUDA-开发	practice	GPU-与-CUDA-开发-overview	3489
raw/posts/2022/2022-03-18-dockerfile-practice.md	Docker-容器化	practice	Docker-容器化-overview	2465
raw/posts/2022/2022-03-19-python-office-automation-suite.md	办公自动化与效率工具	practice	办公自动化与效率工具-overview	2388
raw/posts/2022/2022-03-20-python-automatically-generates-weekly-reports.md	办公自动化与效率工具	practice	办公自动化与效率工具-overview	4487
raw/posts/2022/2022-03-21-aliyun-centos-yum-install-error-404.md	Linux-与系统管理	practice	Linux-与系统管理-overview	1356
raw/posts/2022/2022-03-21-http-benchmarking-tools.md	Linux-与系统管理	practice	Linux-与系统管理-overview	10684
raw/posts/2022/2022-03-25-benchmarking-of-fastapi-synchronous-and-asynchronous-functions-based-on-health-code-recognition.md	LLM-推理优化	practice	LLM-推理优化-overview	20897
raw/posts/2022/2022-03-26-command-nc.md	Linux-与系统管理	practice	Linux-与系统管理-overview	5311
raw/posts/2022/2022-03-27-alibaba-cloud-server-ecs-open-ports.md	Linux-与系统管理	practice	Linux-与系统管理-overview	1759
raw/posts/2022/2022-03-31-fastapi-benchmarking-for-upload-and-download-files.md	LLM-推理优化	practice	LLM-推理优化-overview	23121
raw/posts/2022/2022-03-31-install-python3.9-in-ubuntu20.04.md	Linux-与系统管理	practice	Linux-与系统管理-overview	4694
raw/posts/2022/2022-04-04-linux-performance-optimization.md	Linux-与系统管理	practice	Linux-与系统管理-overview	7013
raw/posts/2022/2022-04-11-benchmarking-fastapi-upload-and-download-files-using-wrk.md	LLM-推理优化	practice	LLM-推理优化-overview	8929
raw/posts/2022/2022-04-12-develop-restapi-services-with-fastapi.md	办公自动化与效率工具	practice	办公自动化与效率工具-overview	11824
raw/posts/2022/2022-04-13-get-started-openvino.md	计算机视觉与目标检测	practice	计算机视觉与目标检测-overview	14065
raw/posts/2022/2022-04-13-how-openvino-works.md	计算机视觉与目标检测	practice	计算机视觉与目标检测-overview	20123
raw/posts/2022/2022-04-14-open-model-zoo.md	计算机视觉与目标检测	practice	计算机视觉与目标检测-overview	4303
raw/posts/2022/2022-04-15-openvino-image-classification.md	计算机视觉与目标检测	practice	计算机视觉与目标检测-overview	20204
raw/posts/2022/2022-04-16-openvino-object-detection.md	计算机视觉与目标检测	practice	计算机视觉与目标检测-overview	13137
raw/posts/2022/2022-04-17-openvino-neural-network-performance-profiling.md	计算机视觉与目标检测	practice	计算机视觉与目标检测-overview	52228
raw/posts/2022/2022-05-01-get-started-yolov5.md	计算机视觉与目标检测	practice	计算机视觉与目标检测-overview	2835
raw/posts/2022/2022-05-02-nvidia-software-stack-build.md	GPU-与-CUDA-开发	practice	GPU-与-CUDA-开发-overview	7788
raw/posts/2022/2022-05-03-switch-nvidia-gpu-to-intel-integrated-graphics-idg-on-ubuntu.md	GPU-与-CUDA-开发	practice	GPU-与-CUDA-开发-overview	4817
raw/posts/2022/2022-05-17-deep-learning-accuracy-validation-framework.md	数据集标注与模型评估	practice	数据集标注与模型评估-overview	6601
raw/posts/2022/2022-05-18-openvino-cross-check-tool.md	LLM-推理优化	practice	LLM-推理优化-overview	12513
raw/posts/2022/2022-05-19-openvino-benchmark-python-tool.md	LLM-推理优化	practice	LLM-推理优化-overview	33220
raw/posts/2022/2022-05-25-command-curl.md	Linux-与系统管理	practice	Linux-与系统管理-overview	1199
raw/posts/2022/2022-05-26-command-open.md	Linux-与系统管理	practice	Linux-与系统管理-overview	585
raw/posts/2022/2022-06-07-fusing-convolution-and-batch-normalization-in-pytorch.md	LLM-推理优化	practice	LLM-推理优化-overview	3698
raw/posts/2022/2022-06-09-onnx-simplifier.md	微调与模型训练	concept	微调与模型训练-overview	2201
raw/posts/2022/2022-06-23-ai-chips-for-edge-scenarios.md	华为昇腾与国产芯片	practice	华为昇腾与国产芯片-overview	7902
raw/posts/2022/2022-06-29-install-tvm-from-source.md	GPU-与-CUDA-开发	practice	GPU-与-CUDA-开发-overview	4176
raw/posts/2022/2022-06-29-tvm.md	LLM-推理优化	practice	LLM-推理优化-overview	1791
raw/posts/2022/2022-07-13-workload-evaluation-using-python.md	办公自动化与效率工具	practice	办公自动化与效率工具-overview	7122
raw/posts/2022/2022-07-21-easyedge.md	Jetson-与边缘计算	practice	Jetson-与边缘计算-overview	10409
raw/posts/2022/2022-07-25-edge-hardware.md	Jetson-与边缘计算	practice	Jetson-与边缘计算-overview	3921
raw/posts/2022/2022-08-16-openvino-dl-workbench.md	计算机视觉与目标检测	practice	计算机视觉与目标检测-overview	945
raw/posts/2022/2022-11-16-ai-platform.md	Kubernetes-编排	practice	Kubernetes-编排-overview	22359
raw/posts/2023/2023-01-03-install-kubernetes-1_26_0.md	Kubernetes-编排	practice	Kubernetes-编排-overview	9889
raw/posts/2023/2023-02-07-build-a-development-environment-on-macbook-pro-m2-max.md	macOS-与-Apple-Silicon	practice	macOS-与-Apple-Silicon-overview	8029
raw/posts/2023/2023-02-07-install-software-on-macbook-pro-m2-max.md	macOS-与-Apple-Silicon	practice	macOS-与-Apple-Silicon-overview	3029
raw/posts/2023/2023-02-08-install-tensorflow-on-macbook-pro-m2-max.md	macOS-与-Apple-Silicon	practice	macOS-与-Apple-Silicon-overview	4587
raw/posts/2023/2023-02-09-install-pytorch-on-macbook-pro-m2-max.md	macOS-与-Apple-Silicon	practice	macOS-与-Apple-Silicon-overview	4168
raw/posts/2023/2023-02-10-openwrt.md	Linux-与系统管理	practice	Linux-与系统管理-overview	6827
raw/posts/2023/2023-02-13-chatgpt.md	主流-LLM-与厂商	concept	主流-LLM-与厂商-overview	27789
raw/posts/2023/2023-02-14-install-openvino-on-macbook-pro-m2-max.md	macOS-与-Apple-Silicon	practice	macOS-与-Apple-Silicon-overview	5969
raw/posts/2023/2023-02-25-macos-universal-login-item-allow-in-background.md	macOS-与-Apple-Silicon	practice	macOS-与-Apple-Silicon-overview	2538
raw/posts/2023/2023-03-04-use-ffmpeg-on-macbook-pro-m2-max.md	macOS-与-Apple-Silicon	practice	macOS-与-Apple-Silicon-overview	8766
raw/posts/2023/2023-03-05-command-chatgpt.md	主流-LLM-与厂商	practice	主流-LLM-与厂商-overview	2226
raw/posts/2023/2023-03-07-install-epel-repository-on-centos.md	Linux-与系统管理	practice	Linux-与系统管理-overview	689
raw/posts/2023/2023-03-11-test-whisper-on-macbook-pro-m2-max.md	macOS-与-Apple-Silicon	practice	macOS-与-Apple-Silicon-overview	10637
raw/posts/2023/2023-03-15-test-llama-on-macbook-pro-m2-max.md	macOS-与-Apple-Silicon	practice	macOS-与-Apple-Silicon-overview	11710
raw/posts/2023/2023-03-24-ultralytics-yolov8.md	计算机视觉与目标检测	practice	计算机视觉与目标检测-overview	8266
raw/posts/2023/2023-03-27-roboflow-quick-start.md	计算机视觉与目标检测	practice	计算机视觉与目标检测-overview	3401
raw/posts/2023/2023-03-30-ultralytics-hub-quick-start.md	计算机视觉与目标检测	practice	计算机视觉与目标检测-overview	2272
raw/posts/2023/2023-04-01-github-copilot-your-ai-pair-programmer.md	IDE-与编辑器	practice	IDE-与编辑器-overview	1842
raw/posts/2023/2023-04-02-python-in-visual-studio-code.md	IDE-与编辑器	practice	IDE-与编辑器-overview	1187
raw/posts/2023/2023-04-04-json-format-of-ai-service-rest-api-response.md	计算机视觉与目标检测	practice	计算机视觉与目标检测-overview	16573
raw/posts/2023/2023-04-10-developing-ultralytics-serving-based-on-fastapi.md	计算机视觉与目标检测	practice	计算机视觉与目标检测-overview	14335
raw/posts/2023/2023-04-11-command-alias.md	办公自动化与效率工具	practice	办公自动化与效率工具-overview	547
raw/posts/2023/2023-04-13-test-chatglm6b-on-macbook-pro-m2-max.md	主流-LLM-与厂商	practice	主流-LLM-与厂商-overview	15593
raw/posts/2023/2023-04-14-autogpt.md	主流-LLM-与厂商	practice	主流-LLM-与厂商-overview	1598
raw/posts/2023/2023-04-18-test-ernie-bot.md	主流-LLM-与厂商	practice	主流-LLM-与厂商-overview	7397
raw/posts/2023/2023-04-22-large-language-models.md	引用链接与科技评论	practice	引用链接与科技评论-overview	6866
raw/posts/2023/2023-04-23-chatglm6b-model-based-on-ptuning-v2-fine-tuning-of-electrical-safety-work-procedures.md	微调与模型训练	practice	微调与模型训练-overview	11975
raw/posts/2023/2023-04-24-openai-api-doc-quickstart.md	主流-LLM-与厂商	practice	主流-LLM-与厂商-overview	15681
raw/posts/2023/2023-04-25-openai-api-doc-embeddings.md	RAG-检索增强生成	practice	RAG-检索增强生成-overview	11415
raw/posts/2023/2023-04-28-openai-api-doc-chat-completion.md	主流-LLM-与厂商	practice	主流-LLM-与厂商-overview	8725
raw/posts/2023/2023-04-29-build-chatgpt-chatbot-on-huggingface.md	主流-LLM-与厂商	practice	主流-LLM-与厂商-overview	8931
raw/posts/2023/2023-04-30-huggingface-quickstart.md	数据集标注与模型评估	practice	数据集标注与模型评估-overview	7074
raw/posts/2023/2023-05-03-langchain-chain.md	主流-LLM-与厂商	concept	主流-LLM-与厂商-overview	9341
raw/posts/2023/2023-05-03-langchain-quickstart.md	主流-LLM-与厂商	concept	主流-LLM-与厂商-overview	14322
raw/posts/2023/2023-05-05-openai-api-doc-speech-to-text.md	语音与音频处理	practice	语音与音频处理-overview	15142
raw/posts/2023/2023-05-05-paddlespeech-quickstart.md	语音与音频处理	practice	语音与音频处理-overview	6781
raw/posts/2023/2023-05-06-spark-desk.md	主流-LLM-与厂商	concept	主流-LLM-与厂商-overview	8704
raw/posts/2023/2023-05-11-python-configuring-a-shared-package-cache.md	macOS-与-Apple-Silicon	practice	macOS-与-Apple-Silicon-overview	3796
raw/posts/2023/2023-05-12-speed-up-docker-build-images.md	Docker-容器化	practice	Docker-容器化-overview	18616
raw/posts/2023/2023-05-13-build-containerize-python-application.md	Docker-容器化	practice	Docker-容器化-overview	14553
raw/posts/2023/2023-05-15-macos-ds_store.md	Linux-与系统管理	practice	Linux-与系统管理-overview	4623
raw/posts/2023/2023-05-16-ultralytics-yolov8-inference-speed-comparison.md	计算机视觉与目标检测	practice	计算机视觉与目标检测-overview	16094
raw/posts/2023/2023-05-18-macos-docker.md	Docker-容器化	practice	Docker-容器化-overview	11750
raw/posts/2023/2023-05-21-docker-building-multi-platform-images.md	Docker-容器化	practice	Docker-容器化-overview	9890
raw/posts/2023/2023-05-22-stable-diffusion.md	图像生成与扩散模型	practice	图像生成与扩散模型-overview	2640
raw/posts/2023/2023-05-26-whisper-speech-recognition.md	语音与音频处理	practice	语音与音频处理-overview	10853
raw/posts/2023/2023-05-28-chatgpt-prompt-engineering-for-developers.md	主流-LLM-与厂商	source	2023-05-28-chatgpt-prompt-engineering-for-developers	108414
raw/posts/2023/2023-05-29-openai-fine-tuning.md	微调与模型训练	concept	微调与模型训练-overview	478
raw/posts/2023/2023-05-30-state-of-gpt.md	引用链接与科技评论	concept	引用链接与科技评论-overview	4347
raw/posts/2023/2023-06-09-langchain-for-llm-application-development.md	主流-LLM-与厂商	source	2023-06-09-langchain-for-llm-application-development	119448
raw/posts/2023/2023-06-13-building-systems-with-the-chatgpt-api.md	主流-LLM-与厂商	concept	主流-LLM-与厂商-overview	23505
raw/posts/2023/2023-06-14-how-diffusion-models-work.md	图像生成与扩散模型	practice	图像生成与扩散模型-overview	51911
raw/posts/2023/2023-07-03-dynamically-create-nfs-persistent-volumes-using-storageclass.md	Kubernetes-编排	practice	Kubernetes-编排-overview	21572
raw/posts/2023/2023-07-06-elastic-cloud-on-kubernetes-quickstart.md	Kubernetes-编排	practice	Kubernetes-编排-overview	20817
raw/posts/2023/2023-07-11-deploy-prometheus-and-grafana-on-kubernetes-with-the-prometheus-operator.md	Kubernetes-编排	practice	Kubernetes-编排-overview	12255
raw/posts/2023/2023-07-13-deploy-mysql-on-kubernetes.md	Kubernetes-编排	practice	Kubernetes-编排-overview	12792
raw/posts/2023/2023-07-18-test-chatglm26b-on-macbook-pro-m2-max.md	macOS-与-Apple-Silicon	practice	macOS-与-Apple-Silicon-overview	2134
raw/posts/2023/2023-07-21-velero-backup-and-migrate-kubernetes-resources-and-persistent-volumes.md	Kubernetes-编排	practice	Kubernetes-编排-overview	2279
raw/posts/2023/2023-07-24-principle-of-chatgpt.md	主流-LLM-与厂商	concept	主流-LLM-与厂商-overview	9660
raw/posts/2023/2023-08-08-minio-for-kubernetes.md	网络与分布式存储	practice	网络与分布式存储-overview	19546
raw/posts/2023/2023-09-02-private-gpt.md	RAG-检索增强生成	concept	RAG-检索增强生成-overview	25856
raw/posts/2023/2023-09-09-llm-leaderboard.md	RAG-检索增强生成	concept	RAG-检索增强生成-overview	1921
raw/posts/2023/2023-09-12-deploy-llm.md	GPU-与-CUDA-开发	concept	GPU-与-CUDA-开发-overview	26341
raw/posts/2023/2023-09-18-macos-can-connect-to-wifi-but-cannot-access-the-internet.md	macOS-与-Apple-Silicon	practice	macOS-与-Apple-Silicon-overview	729
raw/posts/2023/2023-09-29-request-file-and-form(basemodel).md	办公自动化与效率工具	practice	办公自动化与效率工具-overview	2478
raw/posts/2023/2023-10-04-fastapi-development-restapi-practice.md	办公自动化与效率工具	practice	办公自动化与效率工具-overview	7053
raw/posts/2023/2023-10-09-open-source-ocr-engine-benchmark.md	计算机视觉与目标检测	practice	计算机视觉与目标检测-overview	13517
raw/posts/2023/2023-10-11-the-scope-of-the-arg-directive-in-dockerfile.md	Docker-容器化	practice	Docker-容器化-overview	3127
raw/posts/2023/2023-10-13-adding-api-key-authentication-to-a-fastapi-application.md	办公自动化与效率工具	practice	办公自动化与效率工具-overview	3717
raw/posts/2023/2023-10-16-private-gpt-chinese-embeddings-model-test.md	RAG-检索增强生成	concept	RAG-检索增强生成-overview	35837
raw/posts/2023/2023-10-22-langchain-huggingfaceembeddings-faiss.md	RAG-检索增强生成	practice	RAG-检索增强生成-overview	6455
raw/posts/2023/2023-10-24-fastchat-deploys-multi-model.md	LLM-推理优化	concept	LLM-推理优化-overview	15109
raw/posts/2023/2023-11-09-transformers-pipeline.md	LLM-推理优化	practice	LLM-推理优化-overview	6840
raw/posts/2023/2023-11-19-the-gpu-server-cannot-accessed.md	Linux-与系统管理	practice	Linux-与系统管理-overview	14270
raw/posts/2023/2023-11-20-nginx-reverse-proxy.md	网络与分布式存储	practice	网络与分布式存储-overview	2975
raw/posts/2023/2023-11-25-2023-race.md	语音与音频处理	practice	语音与音频处理-overview	27489
raw/posts/2023/2023-12-01-install-nginx-on-mac.md	macOS-与-Apple-Silicon	practice	macOS-与-Apple-Silicon-overview	1136
raw/posts/2023/2023-12-03-gpt4all.md	主流-LLM-与厂商	concept	主流-LLM-与厂商-overview	3731
raw/posts/2023/2023-12-06-comparison-of-document-qa-based-on-chatglm3-8k-and-32k.md	RAG-检索增强生成	concept	RAG-检索增强生成-overview	24570
raw/posts/2023/2023-12-09-SeamlessM4T.md	语音与音频处理	practice	语音与音频处理-overview	18270
raw/posts/2023/2023-12-12-TensorRT-LLM-Inference.md	GPU-与-CUDA-开发	concept	GPU-与-CUDA-开发-overview	10013
raw/posts/2023/2023-12-16-building-a-local-chat-service-using-llama-cpp.md	主流-LLM-与厂商	practice	主流-LLM-与厂商-overview	7710
raw/posts/2023/2023-12-17-copilot-for-cli.md	macOS-与-Apple-Silicon	practice	macOS-与-Apple-Silicon-overview	5223
raw/posts/2023/2023-12-18-building-a-local-chat-service-using-ollama.md	LLM-部署与开源生态	practice	LLM-部署与开源生态-overview	3572
raw/posts/2023/2023-12-19-Text-Generation-Inference.md	LLM-推理优化	concept	LLM-推理优化-overview	2506
raw/posts/2023/2023-12-20-Stability-AI-SDXL-Turbo.md	图像生成与扩散模型	practice	图像生成与扩散模型-overview	2184
raw/posts/2023/2023-12-20-microsoft-phi-2.md	主流-LLM-与厂商	concept	主流-LLM-与厂商-overview	2253
raw/posts/2023/2023-12-21-Apple-Silicon-MLX.md	微调与模型训练	practice	微调与模型训练-overview	14339
raw/posts/2023/2023-12-24-Apple-Silicon-MLX-LLMS-Examples.md	macOS-与-Apple-Silicon	practice	macOS-与-Apple-Silicon-overview	11026
raw/posts/2023/2023-12-25-Qwen.md	LLM-部署与开源生态	practice	LLM-部署与开源生态-overview	2786
raw/posts/2023/2023-12-26-whisper-cpp.md	macOS-与-Apple-Silicon	practice	macOS-与-Apple-Silicon-overview	37374
raw/posts/2023/2023-12-28-Langchain‐Chatchat-and-FastChat.md	RAG-检索增强生成	concept	RAG-检索增强生成-overview	5414
raw/posts/2024/2024-01-01-AI-LLM-Architecture.md	LLM-编码助手	concept	LLM-编码助手-overview	3186
raw/posts/2024/2024-01-01-AI-Large-Model.md	LLM-编码助手	concept	LLM-编码助手-overview	6842
raw/posts/2024/2024-01-02-CodeFuse.md	LLM-编码助手	concept	LLM-编码助手-overview	14561
raw/posts/2024/2024-01-03-CodeGPT-Intelligent-Assisted-Programming.md	LLM-编码助手	practice	LLM-编码助手-overview	3439
raw/posts/2024/2024-01-04-DeepSeek-Coder-Let-the-Code-Write-Itself.md	LLM-编码助手	practice	LLM-编码助手-overview	12564
raw/posts/2024/2024-01-05-PrivateGPT.md	RAG-检索增强生成	concept	RAG-检索增强生成-overview	933
raw/posts/2024/2024-01-05-Tabby-An-open-source-alternative-to-GitHub-Copilot.md	LLM-编码助手	practice	LLM-编码助手-overview	22993
raw/posts/2024/2024-01-08-NVIDIA-Driver-Installation.md	GPU-与-CUDA-开发	practice	GPU-与-CUDA-开发-overview	14527
raw/posts/2024/2024-01-09-Build-free-GitHub-Copilot-based-on-PyCharm-using-Tabby-and-CodeGPT-plug-ins.md	LLM-编码助手	concept	LLM-编码助手-overview	3050
raw/posts/2024/2024-01-10-Build-free-GitHub-Copilot-based-on-IntelliJ-IDEA-using-Tabby-and-CodeGPT-plug-ins.md	LLM-编码助手	concept	LLM-编码助手-overview	1809
raw/posts/2024/2024-01-10-Build-free-GitHub-Copilot-based-on-VSCode-using-Tabby-plug-ins.md	LLM-编码助手	concept	LLM-编码助手-overview	1126
raw/posts/2024/2024-01-10-Deploying-Tabby-AI-Coding-Assistant-on-GeForce-GTX-1060.md	LLM-编码助手	practice	LLM-编码助手-overview	10388
raw/posts/2024/2024-01-11-Install-FastChat-on-MacBook-Pro-M2-Max.md	LLM-部署与开源生态	practice	LLM-部署与开源生态-overview	3939
raw/posts/2024/2024-01-13-AI-Coding-Assistant-Function.md	LLM-编码助手	practice	LLM-编码助手-overview	2416
raw/posts/2024/2024-01-14-Sourcegraph-Cody.md	LLM-编码助手	concept	LLM-编码助手-overview	7048
raw/posts/2024/2024-01-15-AI-Coding-Assistant.md	LLM-编码助手	concept	LLM-编码助手-overview	2298
raw/posts/2024/2024-01-15-Tabby-benchmarking.md	LLM-编码助手	practice	LLM-编码助手-overview	12815
raw/posts/2024/2024-01-16-Using-FastChat-to-Deploy-LLM-on-CUDA.md	LLM-部署与开源生态	practice	LLM-部署与开源生态-overview	4826
raw/posts/2024/2024-01-17-LLM-benchmarking.md	LLM-推理优化	source	2024-01-17-LLM-benchmarking	111404
raw/posts/2024/2024-01-18-git-config-proxy.md	Linux-与系统管理	practice	Linux-与系统管理-overview	1579
raw/posts/2024/2024-01-19-use-lama-cpp-to-build-compatible-openai-services.md	LLM-推理优化	practice	LLM-推理优化-overview	26326
raw/posts/2024/2024-01-22-Exploring-NextGen-Software-Generative-Architectural-Paradigms-with-GenAI.md	LLM-编码助手	practice	LLM-编码助手-overview	2089
raw/posts/2024/2024-01-23-Fine-tuning-Text2SQL-based-on-Mistral-7B-using-LoRA-on-MLX-1.md	微调与模型训练	practice	微调与模型训练-overview	12624
raw/posts/2024/2024-01-24-Fine-tuning-Text2SQL-based-on-Mistral-7B-using-LoRA-on-MLX-2.md	微调与模型训练	practice	微调与模型训练-overview	13616
raw/posts/2024/2024-01-24-Fine-tuning-Text2SQL-based-on-Mistral-7B-using-LoRA-on-MLX-3.md	微调与模型训练	practice	微调与模型训练-overview	4087
raw/posts/2024/2024-01-25-Fine-tuning-Text2SQL-based-on-Mistral-7B-using-LoRA-on-MLX-4.md	微调与模型训练	practice	微调与模型训练-overview	11238
raw/posts/2024/2024-01-26-Fine-tuning-Text2SQL-based-on-Mistral-7B-using-LoRA-on-MLX-5.md	微调与模型训练	practice	微调与模型训练-overview	8631
raw/posts/2024/2024-01-27-Fine-tuning-Text2SQL-based-on-Mistral-7B-using-LoRA-on-MLX-6.md	微调与模型训练	practice	微调与模型训练-overview	27143
raw/posts/2024/2024-01-28-Fine-tuning-Text2SQL-based-on-Mistral-7B-using-LoRA-on-MLX-7.md	微调与模型训练	practice	微调与模型训练-overview	17257
raw/posts/2024/2024-01-31-Fine-tuning-Text2SQL-based-on-Mistral-7B-using-LoRA-on-MLX-8.md	微调与模型训练	practice	微调与模型训练-overview	13631
raw/posts/2024/2024-02-15-Hugging-Face-NLP-Course.md	微调与模型训练	practice	微调与模型训练-overview	16292
raw/posts/2024/2024-02-29-DeepSeek-Coder-Paper-Interpretation.md	LLM-编码助手	practice	LLM-编码助手-overview	4153
raw/posts/2024/2024-03-04-Microsoft-Copilot.md	主流-LLM-与厂商	practice	主流-LLM-与厂商-overview	1029
raw/posts/2024/2024-03-05-Kimi-Moonshot-Resume-Exploration.md	主流-LLM-与厂商	practice	主流-LLM-与厂商-overview	23616
raw/posts/2024/2024-03-07-Getting-Started-with-Rust.md	Web-开发与在线工具	practice	Web-开发与在线工具-overview	2411
raw/posts/2024/2024-03-10-Generative-AI.md	AI-Agent-编排	concept	AI-Agent-编排-overview	5141
raw/posts/2024/2024-03-13-candle.md	LLM-推理优化	concept	LLM-推理优化-overview	3157
raw/posts/2024/2024-03-14-MLX-An-array-framework-for-Apple-silicon.md	微调与模型训练	concept	微调与模型训练-overview	6494
raw/posts/2024/2024-03-15-vLLM-Deployment-Qwen1.5-LLM.md	LLM-推理优化	concept	LLM-推理优化-overview	17001
raw/posts/2024/2024-03-16-Open-Source-Models-with-Hugging-Face.md	计算机视觉与目标检测	practice	计算机视觉与目标检测-overview	23544
raw/posts/2024/2024-03-17-Building-Generative-AI-Applications-with-Gradio.md	办公自动化与效率工具	practice	办公自动化与效率工具-overview	520
raw/posts/2024/2024-04-01-Prompt-Engineering-with-Llama2.md	Prompt-Engineering-与上下文工程	source	2024-04-01-Prompt-Engineering-with-Llama2	178197
raw/posts/2024/2024-04-02-LLaMA-Factory-Easy-and-Efficient-LLM-Fine-Tuning.md	微调与模型训练	concept	微调与模型训练-overview	1136
raw/posts/2024/2024-04-06-together-ai.md	LLM-部署与开源生态	concept	LLM-部署与开源生态-overview	6706
raw/posts/2024/2024-04-07-Continue-Code-LLM-Autopilot.md	LLM-编码助手	concept	LLM-编码助手-overview	2583
raw/posts/2024/2024-04-07-Continue-It-is-time-to-collect-data-on-how-you-build-software.md	LLM-编码助手	concept	LLM-编码助手-overview	5562
raw/posts/2024/2024-04-08-Functions-Tools-and-Agents-with-LangChain.md	AI-Agent-编排	practice	AI-Agent-编排-overview	31624
raw/posts/2024/2024-04-10-LangChain.md	AI-Agent-编排	practice	AI-Agent-编排-overview	3333
raw/posts/2024/2024-04-12-LangChain-Text2SQL-Agent.md	AI-Agent-编排	concept	AI-Agent-编排-overview	9733
raw/posts/2024/2024-04-13-DashScope-Model-as-a-Service.md	AI-Agent-编排	concept	AI-Agent-编排-overview	2135
raw/posts/2024/2024-04-14-Automated-Testing-for-LLMOps.md	微调与模型训练	concept	微调与模型训练-overview	471
raw/posts/2024/2024-04-14-LLMOps.md	微调与模型训练	concept	微调与模型训练-overview	420
raw/posts/2024/2024-04-15-LangChain-Chat-Models-Function-and-Tool-calling.md	AI-Agent-编排	practice	AI-Agent-编排-overview	16679
raw/posts/2024/2024-04-16-LangChain-Tagging-and-Extraction-Using-OpenAI-functions.md	AI-Agent-编排	practice	AI-Agent-编排-overview	10497
raw/posts/2024/2024-04-17-LangChain-SQL-Chain-and-SQL-Agent.md	AI-Agent-编排	concept	AI-Agent-编排-overview	6093
raw/posts/2024/2024-04-18-Anthropic-Claude.md	AI-Agent-编排	concept	AI-Agent-编排-overview	2604
raw/posts/2024/2024-04-19-Meta-Llama-3.md	AI-Agent-编排	concept	AI-Agent-编排-overview	7813
raw/posts/2024/2024-04-20-Gradio-Chatbot.md	AI-Agent-编排	practice	AI-Agent-编排-overview	7518
raw/posts/2024/2024-04-21-Gradio-DataFrame.md	微调与模型训练	practice	微调与模型训练-overview	3002
raw/posts/2024/2024-04-22-ChatTongyi.md	AI-Agent-编排	practice	AI-Agent-编排-overview	3209
raw/posts/2024/2024-05-07-LLaMA-Factory-Fine-Tuning-Text2SQL.md	微调与模型训练	practice	微调与模型训练-overview	11708
raw/posts/2024/2024-05-08-Xorbits-Inference-Model-Serving-Made-Easy.md	LLM-部署与开源生态	concept	LLM-部署与开源生态-overview	14031
raw/posts/2024/2024-05-10-use-large-language-models-for-named-entity-recognition.md	AI-Agent-编排	concept	AI-Agent-编排-overview	25978
raw/posts/2024/2024-05-11-Next.js.md	Web-开发与在线工具	practice	Web-开发与在线工具-overview	423
raw/posts/2024/2024-05-13-Fine-tuning-named-entity-recognition-generation-using-large-language-models.md	微调与模型训练	practice	微调与模型训练-overview	16290
raw/posts/2024/2024-05-15-Fine-tuning-named-entity-recognition-using-large-language-models.md	微调与模型训练	practice	微调与模型训练-overview	25075
raw/posts/2024/2024-05-19-SWIFT-Scalable-lightWeight-Infrastructure-for-Fine-Tuning.md	微调与模型训练	concept	微调与模型训练-overview	6781
raw/posts/2024/2024-05-20-Thoughtworks-Tech-Radar-30.md	引用链接与科技评论	source	2024-05-20-Thoughtworks-Tech-Radar-30	68196
raw/posts/2024/2024-05-22-CogVLM2-Llama3-19B.md	计算机视觉与目标检测	concept	计算机视觉与目标检测-overview	32207
raw/posts/2024/2024-05-23-MiniCPM-Llama3-V-2_5-end-side-available-GPT-4V-level-multi-modal-large-model.md	多模态大模型	concept	多模态大模型-overview	23633
raw/posts/2024/2024-05-24-Phi-3-vision-128k-instruct.md	计算机视觉与目标检测	concept	计算机视觉与目标检测-overview	15347
raw/posts/2024/2024-05-25-source-code-security-flaw-analysis-based-on-llm.md	AI-Agent-编排	concept	AI-Agent-编排-overview	25169
raw/posts/2024/2024-05-26-llm-powered-autonomous-agents.md	AI-Agent-编排	concept	AI-Agent-编排-overview	10271
raw/posts/2024/2024-05-28-CrewAI-Quickstart.md	AI-Agent-编排	concept	AI-Agent-编排-overview	2420
raw/posts/2024/2024-05-29-SiliconFlow-AI-Infra.md	LLM-部署与开源生态	concept	LLM-部署与开源生态-overview	3034
raw/posts/2024/2024-06-01-LLM-Tech-Stack.md	LLM-编码助手	concept	LLM-编码助手-overview	7051
raw/posts/2024/2024-06-02-Ollama.md	LLM-部署与开源生态	concept	LLM-部署与开源生态-overview	4703
raw/posts/2024/2024-06-03-Continue.md	LLM-编码助手	concept	LLM-编码助手-overview	25626
raw/posts/2024/2024-06-04-Dify.md	RAG-检索增强生成	concept	RAG-检索增强生成-overview	1077
raw/posts/2024/2024-06-10-AutoGen.md	AI-Agent-编排	concept	AI-Agent-编排-overview	42398
raw/posts/2024/2024-06-11-GLM-4V-9B.md	计算机视觉与目标检测	concept	计算机视觉与目标检测-overview	13028
raw/posts/2024/2024-06-25-Installing-PostgreSQL-on-macOS.md	macOS-与-Apple-Silicon	practice	macOS-与-Apple-Silicon-overview	2037
raw/posts/2024/2024-06-27-Elmo-Chat-Your-AI-Web-Copilot.md	浏览器扩展与桌面应用开发	practice	浏览器扩展与桌面应用开发-overview	1265
raw/posts/2024/2024-06-30-RAG-workflow-and-building-knowledge.md	RAG-检索增强生成	concept	RAG-检索增强生成-overview	2897
raw/posts/2024/2024-07-04-VannaAI.md	向量数据库与语义搜索	concept	向量数据库与语义搜索-overview	3931
raw/posts/2024/2024-07-06-FastEmbed.md	向量数据库与语义搜索	practice	向量数据库与语义搜索-overview	8853
raw/posts/2024/2024-07-07-Qdrant.md	向量数据库与语义搜索	practice	向量数据库与语义搜索-overview	2640
raw/posts/2024/2024-07-08-Kwai-Kolors.md	图像生成与扩散模型	practice	图像生成与扩散模型-overview	671
raw/posts/2024/2024-07-09-Visual-Studio-Code-Shortcut.md	IDE-与编辑器	practice	IDE-与编辑器-overview	1237
raw/posts/2024/2024-07-15-Continue-Source-Code-Analysis.md	RAG-检索增强生成	practice	RAG-检索增强生成-overview	24708
raw/posts/2024/2024-07-22-Getting-Started-with-TypeScript.md	Web-开发与在线工具	practice	Web-开发与在线工具-overview	3989
raw/posts/2024/2024-07-25-GraphRAG.md	RAG-检索增强生成	concept	RAG-检索增强生成-overview	23389
raw/posts/2024/2024-08-06-Visual-Studio-Code-Extension.md	IDE-与编辑器	practice	IDE-与编辑器-overview	388
raw/posts/2024/2024-08-08-Continue-Source-Code-Analysis-transformers.js-LLM-Provider.md	LLM-编码助手	practice	LLM-编码助手-overview	25237
raw/posts/2024/2024-08-19-LLM-Dataset.md	微调与模型训练	practice	微调与模型训练-overview	795
raw/posts/2024/2024-08-24-Continue-Source-Code-Analysis-SQLite-Database-Design.md	向量数据库与语义搜索	practice	向量数据库与语义搜索-overview	7332
raw/posts/2024/2024-08-25-Continue-Source-Code-Analysis-RerankerRetrievalPipeline.md	RAG-检索增强生成	practice	RAG-检索增强生成-overview	4623
raw/posts/2024/2024-08-26-Continue-Source-Code-Analysis-Keyboard-Shortcuts.md	IDE-与编辑器	practice	IDE-与编辑器-overview	7024
raw/posts/2024/2024-08-28-Tabby-user-guide.md	LLM-编码助手	practice	LLM-编码助手-overview	5938
raw/posts/2024/2024-08-29-cursor-user-guide.md	LLM-编码助手	practice	LLM-编码助手-overview	1285
raw/posts/2024/2024-08-30-bloop-user-guide.md	LLM-编码助手	practice	LLM-编码助手-overview	2009
raw/posts/2024/2024-09-03-how-much-vram-is-required-for-llm-inference.md	LLM-推理优化	concept	LLM-推理优化-overview	3516
raw/posts/2024/2024-09-06-SGlang-Large-Language-Model-Serving-Framework.md	LLM-推理优化	practice	LLM-推理优化-overview	6628
raw/posts/2024/2024-09-10-Higress-AI-Gateway.md	Docker-容器化	concept	Docker-容器化-overview	2747
raw/posts/2024/2024-09-11-Kong-AI-Gateway.md	Docker-容器化	concept	Docker-容器化-overview	7706
raw/posts/2024/2024-09-13-LiteLLM-Proxy-Server-LLM-Gateway.md	LLM-部署与开源生态	concept	LLM-部署与开源生态-overview	19792
raw/posts/2024/2024-09-14-Langfuse-Open-Source-LLM-Engineering-Platform.md	LLM-部署与开源生态	concept	LLM-部署与开源生态-overview	4534
raw/posts/2024/2024-09-15-Continue-Source-Code-Analysis-Vector-Database-Storage-Location.md	LLM-编码助手	practice	LLM-编码助手-overview	1691
raw/posts/2024/2024-09-20-Continue-Source-Code-Analysis-various-commands-calling-large-model-input-and-output.md	LLM-编码助手	concept	LLM-编码助手-overview	13383
raw/posts/2024/2024-09-22-Qwen2.5-Coder-Technical-Report.md	LLM-编码助手	source	2024-09-22-Qwen2.5-Coder-Technical-Report	81163
raw/posts/2024/2024-09-23-Qwen2-Technical-Report.md	LLM-推理优化	practice	LLM-推理优化-overview	22619
raw/posts/2024/2024-09-25-Letta(fka-MemGPT)-is-a-framework-for-creating-stateful-LLM-services.md	AI-Agent-编排	practice	AI-Agent-编排-overview	2569
raw/posts/2024/2024-09-28-Synthetic-data-for-LLM.md	微调与模型训练	concept	微调与模型训练-overview	12535
raw/posts/2024/2024-10-01-Reader-LM-Small-Language-Models-for-Cleaning-and-Converting-HTML-to-Markdown.md	RAG-检索增强生成	practice	RAG-检索增强生成-overview	2710
raw/posts/2024/2024-10-01-Speculative-Decoding.md	LLM-推理优化	practice	LLM-推理优化-overview	2183
raw/posts/2024/2024-10-03-AutoTrain.md	微调与模型训练	practice	微调与模型训练-overview	731
raw/posts/2024/2024-10-06-Deploying-Inference-Service-for-Multiple-LoRA-Adapters-of-LLM.md	LLM-推理优化	practice	LLM-推理优化-overview	1930
raw/posts/2024/2024-10-07-OpenAI-API-Compatibility.md	LLM-部署与开源生态	practice	LLM-部署与开源生态-overview	4765
raw/posts/2024/2024-10-08-Building-LLM-Inference-Service-on-Huawei-Atlas-800I-A2-Server.md	华为昇腾与国产芯片	practice	华为昇腾与国产芯片-overview	13567
raw/posts/2024/2024-10-10-Performance-Stress-Testing-of-the-Huawei-Atlas-800I-A2-Server-for-Large-Model-Inference.md	华为昇腾与国产芯片	source	2024-10-10-Performance-Stress-Testing-of-the-Huawei-Atlas-800I-A2-Server-for-Large-Model-Inference	118142
raw/posts/2024/2024-10-16-Packaging-Python-Projects-to-PyPI.md	办公自动化与效率工具	practice	办公自动化与效率工具-overview	8328
raw/posts/2024/2024-10-28-LangChain-Blog-In-the-Loop.md	AI-Agent-编排	source	2024-10-28-LangChain-Blog-In-the-Loop	98691
raw/posts/2024/2024-10-31-Huawei-Atlas-A2-Computing-Power-Splitting.md	华为昇腾与国产芯片	concept	华为昇腾与国产芯片-overview	18188
raw/posts/2024/2024-11-07-Fine-Tuning-Models-with-LLaMA-Factory-on-Huawei-Atlas-A2.md	微调与模型训练	concept	微调与模型训练-overview	5181
raw/posts/2024/2024-11-08-Mac-External-Display-Selection.md	macOS-与-Apple-Silicon	practice	macOS-与-Apple-Silicon-overview	5225
raw/posts/2024/2024-11-13-Atlas 900-AI-Cluster.md	华为昇腾与国产芯片	practice	华为昇腾与国产芯片-overview	2614
raw/posts/2024/2024-11-15-Mac-External-Display-DELL-U2723QE.md	macOS-与-Apple-Silicon	practice	macOS-与-Apple-Silicon-overview	4771
raw/posts/2024/2024-12-01-GitHub-Copilot-in-VS-Code.md	LLM-编码助手	practice	LLM-编码助手-overview	19563
raw/posts/2024/2024-12-10-Chat-Extensions-VS-Code.md	LLM-编码助手	practice	LLM-编码助手-overview	23831
raw/posts/2024/2024-12-12-Language-Model-API.md	LLM-编码助手	practice	LLM-编码助手-overview	26035
raw/posts/2024/2024-12-13-Open-WebUI.md	LLM-部署与开源生态	practice	LLM-部署与开源生态-overview	951
raw/posts/2024/2024-12-15-vscode-extension-samples_chat-sample.md	LLM-编码助手	practice	LLM-编码助手-overview	968
raw/posts/2025/2025-01-01-How-to-invest-in-a-personal-pension.md	个人理财与投资	practice	个人理财与投资-overview	5777
raw/posts/2025/2025-01-14-AI+-for-Tencent-Meeting-Recorded-Video.md	语音与音频处理	practice	语音与音频处理-overview	1541
raw/posts/2025/2025-01-17-CodeGate.md	LLM-编码助手	concept	LLM-编码助手-overview	1982
raw/posts/2025/2025-01-21-DeepSeek-R1-Incentivizing-Reasoning-Capability-in-LLMs-via-Reinforcement-Learning.md	LLM-推理优化	source	2025-01-21-DeepSeek-R1-Incentivizing-Reasoning-Capability-in-LLMs-via-Reinforcement-Learning	74320
raw/posts/2025/2025-01-23-DeepSeek-V3-Technical-Report.md	LLM-推理优化	source	2025-01-23-DeepSeek-V3-Technical-Report	66664
raw/posts/2025/2025-01-24-Operator-System-Card.md	AI-Agent-编排	practice	AI-Agent-编排-overview	52057
raw/posts/2025/2025-01-25-Computer-Using-Agent.md	AI-Agent-编排	practice	AI-Agent-编排-overview	34773
raw/posts/2025/2025-01-26-CUA-eval-extra-information.md	LLM-技术报告与前沿论文	practice	LLM-技术报告与前沿论文-overview	30995
raw/posts/2025/2025-01-27-UI-TARS_Pioneering-Automated-GUI-Interaction-with-Native-Agents.md	AI-Agent-编排	source	2025-01-27-UI-TARS_Pioneering-Automated-GUI-Interaction-with-Native-Agents	203715
raw/posts/2025/2025-01-31-OSWorld-Benchmarking-Multimodal-Agents-for-Open-Ended-Tasks-in-Real-Computer-Environments.md	LLM-推理优化	source	2025-01-31-OSWorld-Benchmarking-Multimodal-Agents-for-Open-Ended-Tasks-in-Real-Computer-Environments	123322
raw/posts/2025/2025-02-01-Claude-API_Computer-use.md	AI-Agent-编排	practice	AI-Agent-编排-overview	38551
raw/posts/2025/2025-02-01-Claude_Developing-a-computer-use-model.md	主流-LLM-与厂商	concept	主流-LLM-与厂商-overview	17398
raw/posts/2025/2025-02-02-DeepSeek-Janus-Pro-7B.md	多模态大模型	practice	多模态大模型-overview	1615
raw/posts/2025/2025-02-04-SWE-bench_Can-Language-Models-Resolve-Real-World-GitHub-Issues.md	LLM-技术报告与前沿论文	source	2025-02-04-SWE-bench_Can-Language-Models-Resolve-Real-World-GitHub-Issues	85665
raw/posts/2025/2025-02-06-Introducing-deep-research.md	主流-LLM-与厂商	practice	主流-LLM-与厂商-overview	46043
raw/posts/2025/2025-02-07-Open-source-DeepResearch.md	AI-Agent-编排	practice	AI-Agent-编排-overview	23266
raw/posts/2025/2025-02-13-Performance-Stress-Testing-of-the-MuXin-MXC500-for-Large-Model-Inference.md	LLM-推理优化	concept	LLM-推理优化-overview	39332
raw/posts/2025/2025-02-14-Deploy-DeepSeek-R1-Distill-Model.md	LLM-推理优化	concept	LLM-推理优化-overview	13359
raw/posts/2025/2025-02-18-Building-an-autonomous-answering-agent.md	多模态大模型	concept	多模态大模型-overview	10604
raw/posts/2025/2025-02-22-Cline-autonomous-coding-agent.md	AI-Agent-编排	concept	AI-Agent-编排-overview	1326
raw/posts/2025/2025-02-23-Qwen2.5-VL-Technical-Report.md	多模态大模型	source	2025-02-23-Qwen2.5-VL-Technical-Report	97802
raw/posts/2025/2025-02-25-Performance-Stress-Testing-of-the-HaiGuang-DCU-for-Large-Model-Inference.md	华为昇腾与国产芯片	concept	华为昇腾与国产芯片-overview	19343
raw/posts/2025/2025-03-01-Build-a-Local-AI-Stack.md	LLM-部署与开源生态	concept	LLM-部署与开源生态-overview	7666
raw/posts/2025/2025-03-03-Stress-Test-vLLM-SGLang-LiteLLM-Higress.md	LLM-推理优化	concept	LLM-推理优化-overview	9129
raw/posts/2025/2025-03-08-Reasoning-LLM-Technical-Insider.md	LLM-推理优化	concept	LLM-推理优化-overview	2670
raw/posts/2025/2025-03-10-TONGYI-Lingma2.md	LLM-编码助手	practice	LLM-编码助手-overview	1701
raw/posts/2025/2025-03-13-Building-and-Managing-MCP-Servers-with-Cline.md	MCP-协议栈	practice	MCP-协议栈-overview	21672
raw/posts/2025/2025-03-14-Comprehensive-Analysis-of-the-Model-Context-Protocol.md	MCP-协议栈	concept	MCP-协议栈-overview	33248
raw/posts/2025/2025-03-15-continue_config-yaml-reference.md	LLM-编码助手	practice	LLM-编码助手-overview	14179
raw/posts/2025/2025-03-16-Core-Concepts-and-Capabilities-of-the-MCP.md	MCP-协议栈	concept	MCP-协议栈-overview	51286
raw/posts/2025/2025-03-17-Large-Model-Practical-Evaluation-Language-Reasoning-Code.md	LLM-推理优化	concept	LLM-推理优化-overview	4266
raw/posts/2025/2025-03-18-RAGFlow.md	RAG-检索增强生成	concept	RAG-检索增强生成-overview	582
raw/posts/2025/2025-03-22-RAG2.md	RAG-检索增强生成	concept	RAG-检索增强生成-overview	3981
raw/posts/2025/2025-03-24-Easy-Dataset.md	微调与模型训练	concept	微调与模型训练-overview	2826
raw/posts/2025/2025-03-25-continue-missing-esbuild.md	LLM-编码助手	practice	LLM-编码助手-overview	3088
raw/posts/2025/2025-03-26-MCP-Python-SDK.md	MCP-协议栈	concept	MCP-协议栈-overview	15275
raw/posts/2025/2025-03-26-create-mcp-server.md	MCP-协议栈	practice	MCP-协议栈-overview	53240
raw/posts/2025/2025-03-26-uv-Fast-Python-Package-Manager.md	办公自动化与效率工具	practice	办公自动化与效率工具-overview	1274
raw/posts/2025/2025-03-27-MCP-Architecture.md	MCP-协议栈	concept	MCP-协议栈-overview	5067
raw/posts/2025/2025-03-27-MCP-Base-Protocol.md	MCP-协议栈	practice	MCP-协议栈-overview	34011
raw/posts/2025/2025-03-27-MCP-Server-Features.md	MCP-协议栈	concept	MCP-协议栈-overview	19327
raw/posts/2025/2025-03-27-Model-Context-Protocol-specification.md	MCP-协议栈	concept	MCP-协议栈-overview	4056
raw/posts/2025/2025-03-30-Generative-AI.md	LLM-编码助手	concept	LLM-编码助手-overview	4864
raw/posts/2025/2025-03-31-Exploring-Generative-AI.md	LLM-编码助手	concept	LLM-编码助手-overview	11811
raw/posts/2025/2025-03-31-What-role-does-LLM-reasoning-play-for-software-tasks.md	Prompt-Engineering-与上下文工程	practice	Prompt-Engineering-与上下文工程-overview	8006
raw/posts/2025/2025-04-02-MCP-Example-Clients.md	LLM-编码助手	practice	LLM-编码助手-overview	19163
raw/posts/2025/2025-04-02-MCP-Example-Servers.md	MCP-协议栈	practice	MCP-协议栈-overview	7017
raw/posts/2025/2025-04-02-Use-Trae-to-develop-RAGFlow-Assistant.md	RAG-检索增强生成	concept	RAG-检索增强生成-overview	904
raw/posts/2025/2025-04-03-Continue-using-GitHub-MCP-Server.md	LLM-编码助手	practice	LLM-编码助手-overview	2701
raw/posts/2025/2025-04-03-GitHub-MCP-Server.md	MCP-协议栈	practice	MCP-协议栈-overview	13675
raw/posts/2025/2025-04-03-MCP-Inspector.md	MCP-协议栈	practice	MCP-协议栈-overview	755
raw/posts/2025/2025-04-04-Enterprise-level-large-model-customization-solution.md	主流-LLM-与厂商	concept	主流-LLM-与厂商-overview	277
raw/posts/2025/2025-04-04-Training-Large-Language-Models.md	微调与模型训练	practice	微调与模型训练-overview	2268
raw/posts/2025/2025-04-04-git-pull.md	MCP-协议栈	practice	MCP-协议栈-overview	1959
raw/posts/2025/2025-04-05-Building-AI-agents-5-common-hurdles-and-fixes.md	AI-Agent-编排	concept	AI-Agent-编排-overview	7190
raw/posts/2025/2025-04-05-DeepSeek-V3-PK-DeepSeek-R1.md	LLM-推理优化	concept	LLM-推理优化-overview	11396
raw/posts/2025/2025-04-05-VSCode-Release-Notes-v1_99.md	MCP-协议栈	source	2025-04-05-VSCode-Release-Notes-v1_99	87988
raw/posts/2025/2025-04-06-RAGFlowAssistant.md	RAG-检索增强生成	concept	RAG-检索增强生成-overview	2838
raw/posts/2025/2025-04-07-RAGFlow-MCP-Server.md	LLM-编码助手	concept	LLM-编码助手-overview	3679
raw/posts/2025/2025-04-10-Git-Command.md	Linux-与系统管理	practice	Linux-与系统管理-overview	4931
raw/posts/2025/2025-04-15-cline-deepseek-mcp-tictactoe.md	MCP-协议栈	practice	MCP-协议栈-overview	10041
raw/posts/2025/2025-04-16-agent2agent-protocol-demo.md	AI-Agent-编排	practice	AI-Agent-编排-overview	887
raw/posts/2025/2025-04-16-agent2agent-protocol.md	AI-Agent-编排	practice	AI-Agent-编排-overview	43346
raw/posts/2025/2025-04-19-Detecting-misbehavior-in-frontier-reasoning-models.md	LLM-推理优化	practice	LLM-推理优化-overview	23022
raw/posts/2025/2025-04-19-OpenAI-o3-and-o4-mini-System-Card.md	LLM-推理优化	practice	LLM-推理优化-overview	2411
raw/posts/2025/2025-04-20-A2A-MCP.md	AI-Agent-编排	practice	AI-Agent-编排-overview	5546
raw/posts/2025/2025-04-21-Sky-T1-32B-Flash.md	LLM-技术报告与前沿论文	practice	LLM-技术报告与前沿论文-overview	10296
raw/posts/2025/2025-04-21-Sky-T1-32B-Preview.md	微调与模型训练	practice	微调与模型训练-overview	9283
raw/posts/2025/2025-04-21-Sky-T1-7B.md	LLM-技术报告与前沿论文	practice	LLM-技术报告与前沿论文-overview	12425
raw/posts/2025/2025-04-21-a-practical-guide-to-building-agents.md	AI-Agent-编排	practice	AI-Agent-编排-overview	11590
raw/posts/2025/2025-04-22-Cline-Doc_Cline-Custom-Instructions-Library.md	LLM-编码助手	practice	LLM-编码助手-overview	7032
raw/posts/2025/2025-04-22-Cline-Doc_Cline-Memory-Bank.md	LLM-编码助手	practice	LLM-编码助手-overview	8211
raw/posts/2025/2025-04-22-Cline-Doc_Cline-Prompting-Guide.md	LLM-编码助手	practice	LLM-编码助手-overview	10158
raw/posts/2025/2025-04-23-Cline-Doc_Building-Custom-MCP-Servers-From-Scratch-Using-Cline.md	MCP-协议栈	practice	MCP-协议栈-overview	5449
raw/posts/2025/2025-04-23-Cline-Doc_Cline-Mentions-Feature-Guide.md	LLM-编码助手	practice	LLM-编码助手-overview	5279
raw/posts/2025/2025-04-23-Cline-Doc_Cline-Tools-Reference-Guide.md	LLM-编码助手	practice	LLM-编码助手-overview	3932
raw/posts/2025/2025-04-24-Cline-Doc_MCP-Quickstart-Guide.md	MCP-协议栈	practice	MCP-协议栈-overview	5476
raw/posts/2025/2025-04-24-Cline-Doc_MCP-Server-Development-Protocol.md	MCP-协议栈	practice	MCP-协议栈-overview	7379
raw/posts/2025/2025-04-24-Cline-Documentation.md	LLM-编码助手	practice	LLM-编码助手-overview	7368
raw/posts/2025/2025-04-25-Cline-Overview.md	LLM-编码助手	practice	LLM-编码助手-overview	22566
raw/posts/2025/2025-04-25-Prompting-Engineering-Practice-Manual.md	LLM-编码助手	practice	LLM-编码助手-overview	10293
raw/posts/2025/2025-04-30-Text-to-SQL.md	Prompt-Engineering-与上下文工程	concept	Prompt-Engineering-与上下文工程-overview	1557
raw/posts/2025/2025-05-01-Smolagents-Langfuse-LiteLLM.md	AI-Agent-编排	practice	AI-Agent-编排-overview	1094
raw/posts/2025/2025-05-05-Anthropic-Building-effective-agents.md	AI-Agent-编排	practice	AI-Agent-编排-overview	20640
raw/posts/2025/2025-05-06-Enhancing-LLM-Reasoning-Abilities-CoT-ReAct-ToT.md	Prompt-Engineering-与上下文工程	concept	Prompt-Engineering-与上下文工程-overview	7464
raw/posts/2025/2025-05-11-Introduction-to-Embodied-AI.md	具身智能与机器人	practice	具身智能与机器人-overview	7221
raw/posts/2025/2025-05-11-Key-Researchs-of-Embodied-AI.md	具身智能与机器人	practice	具身智能与机器人-overview	5161
raw/posts/2025/2025-05-15-Embodied-AI-HuiSiKaiWu.md	具身智能与机器人	practice	具身智能与机器人-overview	1232
raw/posts/2025/2025-05-26-MCPHub-The-Unified-Hub-for-MCP-Servers.md	MCP-协议栈	practice	MCP-协议栈-overview	4681
raw/posts/2025/2025-05-29-LeRobot.md	具身智能与机器人	practice	具身智能与机器人-overview	1561
raw/posts/2025/2025-06-01-Automator-ImageStitching.md	macOS-与-Apple-Silicon	practice	macOS-与-Apple-Silicon-overview	5963
raw/posts/2025/2025-06-02-GitHub-Copilot-for-VSCode-v1_100.md	LLM-编码助手	practice	LLM-编码助手-overview	2542
raw/posts/2025/2025-06-04-SmolAgents-Introduction-to-Agents.md	AI-Agent-编排	concept	AI-Agent-编排-overview	12518
raw/posts/2025/2025-06-05-MCPHub-SmartRoute.md	MCP-协议栈	practice	MCP-协议栈-overview	16674
raw/posts/2025/2025-06-06-shortcuts.md	macOS-与-Apple-Silicon	practice	macOS-与-Apple-Silicon-overview	12894
raw/posts/2025/2025-06-07-2025-Generative-AI_09-ModelEvaluation.md	LLM-技术报告与前沿论文	concept	LLM-技术报告与前沿论文-overview	2027
raw/posts/2025/2025-06-07-2025-Generative-AI_10-Model-Editing.md	LLM-技术报告与前沿论文	concept	LLM-技术报告与前沿论文-overview	3140
raw/posts/2025/2025-06-07-2025-Generative-AI_11-Model-Merging.md	LLM-技术报告与前沿论文	concept	LLM-技术报告与前沿论文-overview	2097
raw/posts/2025/2025-06-07-2025-Generative-AI_12-Speech-LLM.md	语音与音频处理	practice	语音与音频处理-overview	4666
raw/posts/2025/2025-06-08-Automator-Decompression-RAR.md	macOS-与-Apple-Silicon	practice	macOS-与-Apple-Silicon-overview	8865
raw/posts/2025/2025-06-08-Automator-PNG-Rename-Convert-JPG.md	macOS-与-Apple-Silicon	practice	macOS-与-Apple-Silicon-overview	6541
raw/posts/2025/2025-06-08-BAAI-HC-Embodied-AI-Exploration-and-Practice.md	具身智能与机器人	practice	具身智能与机器人-overview	2049
raw/posts/2025/2025-06-08-BAAI-Introduction.md	具身智能与机器人	practice	具身智能与机器人-overview	2876
raw/posts/2025/2025-06-08-BAAI-Tencent-Hunyuan-Multi-modal-Generative-Model.md	主流-LLM-与厂商	practice	主流-LLM-与厂商-overview	2527
raw/posts/2025/2025-06-08-BAAI-intelligent-operating-system-for-robots.md	具身智能与机器人	practice	具身智能与机器人-overview	1799
raw/posts/2025/2025-06-09-Qwen2.5-Omni.md	多模态大模型	concept	多模态大模型-overview	5528
raw/posts/2025/2025-06-10-Dify.md	RAG-检索增强生成	concept	RAG-检索增强生成-overview	9963
raw/posts/2025/2025-06-10-FunAudioLLM.md	语音与音频处理	practice	语音与音频处理-overview	2137
raw/posts/2025/2025-06-11-Cherry-Studio-Branch-Strategy.md	IDE-与编辑器	practice	IDE-与编辑器-overview	4266
raw/posts/2025/2025-06-12-MCPHub-Custom-Server-Setup-Offline-Deployment.md	MCP-协议栈	practice	MCP-协议栈-overview	12154
raw/posts/2025/2025-06-13-MCPHub-Custom-Server-Setup-Offline-Deployment-2.md	MCP-协议栈	practice	MCP-协议栈-overview	18410
raw/posts/2025/2025-06-14-NVIDIA-Embodied-Edge-Chip-Jetson-Thor-And-Isaac-ROS.md	Jetson-与边缘计算	practice	Jetson-与边缘计算-overview	2353
raw/posts/2025/2025-06-14-NVIDIA-Embodied-Isaac-GROOT-N1.md	具身智能与机器人	practice	具身智能与机器人-overview	3054
raw/posts/2025/2025-06-15-Cross-Body-Embodied-Collaboration-Framework-RoboOS.md	具身智能与机器人	practice	具身智能与机器人-overview	1911
raw/posts/2025/2025-06-15-Embodied-Brain-RoboBrain.md	多模态大模型	practice	多模态大模型-overview	2323
raw/posts/2025/2025-06-15-Flying-Robots-Physical-to-Embodied-Intelligence.md	具身智能与机器人	practice	具身智能与机器人-overview	1796
raw/posts/2025/2025-06-16-Build-a-local-npm-registry-based-on-Verdaccio.md	Docker-容器化	practice	Docker-容器化-overview	13712
raw/posts/2025/2025-06-17-Explore-Multimodal-Large-Model-Qwen2.5-VL.md	多模态大模型	practice	多模态大模型-overview	23953
raw/posts/2025/2025-06-19-vLLM.md	LLM-推理优化	concept	LLM-推理优化-overview	3434
raw/posts/2025/2025-06-22-Andrej-Karpathy-Software-Is-Changing-Again.md	引用链接与科技评论	concept	引用链接与科技评论-overview	11900
raw/posts/2025/2025-06-23-Pangu-LLM.md	华为昇腾与国产芯片	practice	华为昇腾与国产芯片-overview	2394
raw/posts/2025/2025-06-24-FastMCP-Build-MCP-Server-and-Client.md	MCP-协议栈	practice	MCP-协议栈-overview	12966
raw/posts/2025/2025-06-25-Gemini-Robotics-On-Device.md	具身智能与机器人	practice	具身智能与机器人-overview	5910
raw/posts/2025/2025-06-28-Gemini-CLI.md	AI-Agent-编排	concept	AI-Agent-编排-overview	5686
raw/posts/2025/2025-06-29-DXT-Desktop-Extensions.md	MCP-协议栈	practice	MCP-协议栈-overview	9110
raw/posts/2025/2025-06-29-DXT-Manifest-Spec.md	MCP-协议栈	practice	MCP-协议栈-overview	18343
raw/posts/2025/2025-06-30-Gemini-CLI-Project-Analysis-and-Development-Guide.md	MCP-协议栈	concept	MCP-协议栈-overview	24730
raw/posts/2025/2025-07-01-Docker-AI.md	MCP-协议栈	concept	MCP-协议栈-overview	16512
raw/posts/2025/2025-07-02-DXT-Desktop-Extension-Development-Guide.md	MCP-协议栈	practice	MCP-协议栈-overview	13485
raw/posts/2025/2025-07-03-Jetson-AGX-Orin-LLM-Deployment.md	Jetson-与边缘计算	practice	Jetson-与边缘计算-overview	16660
raw/posts/2025/2025-07-05-Explore-MLM-GLM-4_1V-Thinking.md	多模态大模型	practice	多模态大模型-overview	30741
raw/posts/2025/2025-07-09-OpenRouter-Ranking.md	主流-LLM-与厂商	concept	主流-LLM-与厂商-overview	6399
raw/posts/2025/2025-07-13-Nvidia-AI-Stack-LLM-Development-Inference-Embodied-AI.md	GPU-与-CUDA-开发	concept	GPU-与-CUDA-开发-overview	1888
raw/posts/2025/2025-07-17-Ascend-Atlas-800I-A2-Installation-Guide.md	华为昇腾与国产芯片	practice	华为昇腾与国产芯片-overview	25594
raw/posts/2025/2025-07-18-Ascend-Atlas-800I-A2-Installation-Guide_Create-Logical-Volume-LLM-Download.md	华为昇腾与国产芯片	concept	华为昇腾与国产芯片-overview	15793
raw/posts/2025/2025-07-19-Ascend-Atlas-800I-A2-Installation-Guide_MindIE-Install-and-Config.md	华为昇腾与国产芯片	concept	华为昇腾与国产芯片-overview	18362
raw/posts/2025/2025-07-20-Ascend-Atlas-800I-A2-Installation-Guide_MindIE-Multi-Instance-Depoly.md	华为昇腾与国产芯片	practice	华为昇腾与国产芯片-overview	19068
raw/posts/2025/2025-07-24-Ascend-Atlas-800I-A2-Installation-Guide_vLLM-Benchmark.md	LLM-推理优化	practice	LLM-推理优化-overview	4976
raw/posts/2025/2025-07-26-Ascend-Atlas-800I-A2-Installation-Guide_vLLM-Deploy.md	华为昇腾与国产芯片	practice	华为昇腾与国产芯片-overview	13586
raw/posts/2025/2025-07-29-Ascend-Atlas-800I-A2-Installation-Guide_Complete-Installation-Workflow.md	华为昇腾与国产芯片	concept	华为昇腾与国产芯片-overview	5926
raw/posts/2025/2025-07-30-Ascend-Atlas-800I-A2-Installation-Guide_GPUStack.md	华为昇腾与国产芯片	practice	华为昇腾与国产芯片-overview	11709
raw/posts/2025/2025-07-30-JoyAgent-JDGenie.md	AI-Agent-编排	concept	AI-Agent-编排-overview	57951
raw/posts/2025/2025-07-31-Ascend-Atlas-800I-A2-Installation-Guide_Docker-Swarm.md	华为昇腾与国产芯片	practice	华为昇腾与国产芯片-overview	7432
raw/posts/2025/2025-08-05-Ascend-Atlas-800I-A2-Installation-Guide_GlusterFS.md	华为昇腾与国产芯片	concept	华为昇腾与国产芯片-overview	20384
raw/posts/2025/2025-08-08-Ascend-Atlas-800I-A2-Installation-OpenAI-GPT-OSS-Model.md	华为昇腾与国产芯片	practice	华为昇腾与国产芯片-overview	52977
raw/posts/2025/2025-08-21-PyTorch-Neural-Networks-From-Training-to-Inference.md	LLM-推理优化	practice	LLM-推理优化-overview	8581
raw/posts/2025/2025-08-26-vLLM-Inference-Benchmarking.md	LLM-推理优化	concept	LLM-推理优化-overview	48575
raw/posts/2025/2025-08-29-AI+.md	引用链接与科技评论	practice	引用链接与科技评论-overview	16736
raw/posts/2025/2025-09-01-vLLM-Inference-Engine-Core-Optimizations-and-Workflow.md	LLM-推理优化	concept	LLM-推理优化-overview	16705
raw/posts/2025/2025-09-06-NanoBanana.md	Jetson-与边缘计算	practice	Jetson-与边缘计算-overview	2355
raw/posts/2025/2025-09-07-Stablecoin.md	个人理财与投资	practice	个人理财与投资-overview	1765
raw/posts/2025/2025-09-08-CLI-Coding-Agent.md	LLM-编码助手	practice	LLM-编码助手-overview	1183
raw/posts/2025/2025-09-11-Claude-Code-Documention.md	LLM-编码助手	source	2025-09-11-Claude-Code-Documention	93100
raw/posts/2025/2025-09-13-Claude-Code-Doc-Settings.md	MCP-协议栈	practice	MCP-协议栈-overview	27697
raw/posts/2025/2025-09-21-Claude-Code.md	Prompt-Engineering-与上下文工程	practice	Prompt-Engineering-与上下文工程-overview	10859
raw/posts/2025/2025-09-27-Automator-PDF2JPG.md	macOS-与-Apple-Silicon	practice	macOS-与-Apple-Silicon-overview	3040
raw/posts/2025/2025-09-27-GenAI-ML-02-Context-Engineering.md	RAG-检索增强生成	concept	RAG-检索增强生成-overview	3456
raw/posts/2025/2025-09-27-Software-Development-Model-Refactoring.md	AI-Agent-编排	practice	AI-Agent-编排-overview	286
raw/posts/2025/2025-10-01-Claude-Agent-SDK.md	AI-Agent-编排	practice	AI-Agent-编排-overview	8527
raw/posts/2025/2025-10-04-Definitive-Guide-to-Jetson-Thor-LLM-Deployment-and-Benchmarking.md	LLM-推理优化	source	2025-10-04-Definitive-Guide-to-Jetson-Thor-LLM-Deployment-and-Benchmarking	110369
raw/posts/2025/2025-10-12-Jetson-Thor-LLM-Benchmarking.md	LLM-推理优化	practice	LLM-推理优化-overview	37004
raw/posts/2025/2025-10-15-llama.cpp-jetson-thor-gguf-benchmark.md	LLM-推理优化	practice	LLM-推理优化-overview	17543
raw/posts/2025/2025-10-16-nmtui_JetsonThor_WiFi_AP_Config.md	GPU-与-CUDA-开发	practice	GPU-与-CUDA-开发-overview	2582
raw/posts/2025/2025-10-19-whisper.cpp-jetson-thor.md	语音与音频处理	practice	语音与音频处理-overview	2844
raw/posts/2025/2025-10-24-DeepSeek-OCR.md	计算机视觉与目标检测	practice	计算机视觉与目标检测-overview	7548
raw/posts/2025/2025-11-01-large-model-inference-deploy-test.md	LLM-推理优化	concept	LLM-推理优化-overview	12311
raw/posts/2025/2025-11-10-WhisperLiveKit.md	语音与音频处理	practice	语音与音频处理-overview	23058
raw/posts/2025/2025-11-16-quote-andrej-karpathy.md	引用链接与科技评论	absorbed	-	977
raw/posts/2025/2025-11-19-SimulStreaming.md	语音与音频处理	source	2025-11-19-SimulStreaming	80132
raw/posts/2025/2025-11-20-SenseVoice.md	语音与音频处理	practice	语音与音频处理-overview	9338
raw/posts/2025/2025-11-21-FunASR.md	语音与音频处理	practice	语音与音频处理-overview	18290
raw/posts/2025/2025-11-24-Smart-Meeting-System-Jetson-Thor.md	语音与音频处理	concept	语音与音频处理-overview	7072
raw/posts/2025/2025-12-01-AI-Compute-Prediction.md	华为昇腾与国产芯片	concept	华为昇腾与国产芯片-overview	1961
raw/posts/2025/2025-12-01-reachy-mini.md	具身智能与机器人	practice	具身智能与机器人-overview	277
raw/posts/2025/2025-12-05-PowerShell-Example.md	办公自动化与效率工具	practice	办公自动化与效率工具-overview	7866
raw/posts/2025/2025-12-06-FunASR.md	语音与音频处理	source	2025-12-06-FunASR	170170
raw/posts/2025/2025-12-19-quote-andrej-karpathy.md	引用链接与科技评论	absorbed	-	844
raw/posts/2025/2025-12-31-2025-summary.md	具身智能与机器人	practice	具身智能与机器人-overview	15249
raw/posts/2026/2026-01-01-JD-Health.md	个人理财与投资	practice	个人理财与投资-overview	2095
raw/posts/2026/2026-01-01-MeiTuan.md	个人理财与投资	practice	个人理财与投资-overview	3936
raw/posts/2026/2026-01-03-Image-Generate-Horse.md	主流-LLM-与厂商	practice	主流-LLM-与厂商-overview	1837
raw/posts/2026/2026-01-05-DeepSeek-mHC-Manifold-Constrained-Hyper-Connections.md	主流-LLM-与厂商	practice	主流-LLM-与厂商-overview	17677
raw/posts/2026/2026-01-10-AI-Apps-for-Edge-Power-Devices.md	Jetson-与边缘计算	practice	Jetson-与边缘计算-overview	8213
raw/posts/2026/2026-01-11-NVIDIA-CES-2026-Physical-AI.md	GPU-与-CUDA-开发	practice	GPU-与-CUDA-开发-overview	4974
raw/posts/2026/2026-01-13-AI-Coding.md	LLM-编码助手	practice	LLM-编码助手-overview	8544
raw/posts/2026/2026-01-14-DeepSeek-Engram.md	主流-LLM-与厂商	concept	主流-LLM-与厂商-overview	10766
raw/posts/2026/2026-01-18-Context-Engineering-Coding-Agents-with-Cursor.md	LLM-编码助手	concept	LLM-编码助手-overview	3890
raw/posts/2026/2026-01-19-Evaluate-investment-analysis-capability-of-various-models.md	主流-LLM-与厂商	concept	主流-LLM-与厂商-overview	34118
raw/posts/2026/2026-01-19-Silicon-Valley-101-Physical-AI.md	具身智能与机器人	practice	具身智能与机器人-overview	826
raw/posts/2026/2026-01-21-Dify-Custom-Agent.md	LLM-部署与开源生态	concept	LLM-部署与开源生态-overview	1963
raw/posts/2026/2026-01-22-MeiTuan-2025.md	个人理财与投资	practice	个人理财与投资-overview	978
raw/posts/2026/2026-01-24-LongCat-Flash-Thinking-2601.md	主流-LLM-与厂商	concept	主流-LLM-与厂商-overview	11220
raw/posts/2026/2026-01-26-iFlow-CLI.md	AI-Agent-编排	practice	AI-Agent-编排-overview	1018
raw/posts/2026/2026-01-31-quote-andrej-karpathy.md	引用链接与科技评论	absorbed	-	990
raw/posts/2026/2026-02-01-OpenClaw.md	AI-Agent-编排	source	2026-02-01-OpenClaw	62078
raw/posts/2026/2026-02-03-Kimi-Code.md	AI-Agent-编排	practice	AI-Agent-编排-overview	22657
raw/posts/2026/2026-02-07-Kimi-K2.5.md	AI-Agent-编排	concept	AI-Agent-编排-overview	9196
raw/posts/2026/2026-02-10-OpenClaw-Agents.md	AI-Agent-编排	source	2026-02-10-OpenClaw-Agents	138808
raw/posts/2026/2026-02-13-OpenClaw-Agent-Workspace-Building-Memory.md	AI-Agent-编排	practice	AI-Agent-编排-overview	25623
raw/posts/2026/2026-02-14-OpenClaw-Architecture-Memory-System.md	AI-Agent-编排	concept	AI-Agent-编排-overview	6142
raw/posts/2026/2026-02-15-Agentic-Engineering.md	引用链接与科技评论	practice	引用链接与科技评论-overview	28411
raw/posts/2026/2026-02-15-shipping-at-inference-speed.md	引用链接与科技评论	practice	引用链接与科技评论-overview	20717
raw/posts/2026/2026-02-16-OpenClaw-The-Viral-AI-Agent-that-Broke-the-Internet.md	AI-Agent-编排	practice	AI-Agent-编排-overview	5353
raw/posts/2026/2026-02-17-OpenClaw-Architecture.md	AI-Agent-编排	practice	AI-Agent-编排-overview	12974
raw/posts/2026/2026-02-18-OpenClaw-Application-and-Practice.md	AI-Agent-编排	practice	AI-Agent-编排-overview	38772
raw/posts/2026/2026-02-18-OpenClaw-ClawChess-SKILL.md	AI-Agent-编排	practice	AI-Agent-编排-overview	16081
raw/posts/2026/2026-02-18-OpenClaw-Source-Code-Analysis.md	AI-Agent-编排	concept	AI-Agent-编排-overview	46388
raw/posts/2026/2026-02-19-Claude-Skill-Building-Guide.md	AI-Agent-编排	practice	AI-Agent-编排-overview	46729
raw/posts/2026/2026-02-21-EvoMap.md	AI-Agent-编排	practice	AI-Agent-编排-overview	41170
raw/posts/2026/2026-02-21-quote-claws.md	引用链接与科技评论	absorbed	-	2214
raw/posts/2026/2026-02-22-NanoClaw-Anslysis.md	AI-Agent-编排	practice	AI-Agent-编排-overview	36828
raw/posts/2026/2026-02-22-Vibe-Coding-vs-Agentic-Engineering.md	引用链接与科技评论	concept	引用链接与科技评论-overview	12111
raw/posts/2026/2026-02-22-claws-the-new-layer.md	AI-Agent-编排	practice	AI-Agent-编排-overview	3064
raw/posts/2026/2026-02-23-nanoclaw-architecture-design.md	AI-Agent-编排	practice	AI-Agent-编排-overview	34275
raw/posts/2026/2026-02-23-nanoclaw-docs.md	AI-Agent-编排	source	2026-02-23-nanoclaw-docs	132023
raw/posts/2026/2026-02-23-vla-model-architecture-and-training.md	具身智能与机器人	practice	具身智能与机器人-overview	31102
raw/posts/2026/2026-02-25-paradigm-evolution-llm-apps.md	Prompt-Engineering-与上下文工程	concept	Prompt-Engineering-与上下文工程-overview	3763
raw/posts/2026/2026-02-26-OpenClaw-Agent-Engine.md	AI-Agent-编排	practice	AI-Agent-编排-overview	20506
raw/posts/2026/2026-02-26-OpenClaw-Voice-Call-Plugin-Workflow.md	AI-Agent-编排	practice	AI-Agent-编排-overview	16486
raw/posts/2026/2026-02-26-llms.md	Web-开发与在线工具	concept	Web-开发与在线工具-overview	10413
raw/posts/2026/2026-02-26-quote-andrej-karpathy.md	引用链接与科技评论	absorbed	-	785
raw/posts/2026/2026-02-27-Claude-Cowork-Knowledge-Work-Plugins.md	MCP-协议栈	practice	MCP-协议栈-overview	49706
raw/posts/2026/2026-02-28-Agent-Code-Security.md	AI-Agent-编排	practice	AI-Agent-编排-overview	2557
raw/posts/2026/2026-03-01-AI-Agent-Architectures-ZeroClawIronClawNanobot.md	AI-Agent-编排	practice	AI-Agent-编排-overview	29287
raw/posts/2026/2026-03-02-Redis-Patterns-and-Documentation-for-AI-Coding.md	网络与分布式存储	practice	网络与分布式存储-overview	10587
raw/posts/2026/2026-03-02-openclaw-peter-steinberger-workflow-agent-coding.md	AI-Agent-编排	practice	AI-Agent-编排-overview	9414
raw/posts/2026/2026-03-03-Claude-Code-Security-Review.md	LLM-编码助手	practice	LLM-编码助手-overview	43026
raw/posts/2026/2026-03-04-ClineArchitectureDesign.md	Web-开发与在线工具	practice	Web-开发与在线工具-overview	18048
raw/posts/2026/2026-03-05-Feisuan-JavaAI.md	AI-Agent-编排	practice	AI-Agent-编排-overview	47581
raw/posts/2026/2026-03-05-OpenClaw-Development-ZeroAI.md	AI-Agent-编排	source	2026-03-05-OpenClaw-Development-ZeroAI	67261
raw/posts/2026/2026-03-07-ClineArchitectureDesign.md	LLM-编码助手	practice	LLM-编码助手-overview	31911
raw/posts/2026/2026-03-08-ZeroAI.md	AI-Agent-编排	practice	AI-Agent-编排-overview	8135
raw/posts/2026/2026-03-14-Next-AI-Draw.io.md	Web-开发与在线工具	practice	Web-开发与在线工具-overview	22755
raw/posts/2026/2026-03-14-Vercel-AI-SDK.md	Web-开发与在线工具	practice	Web-开发与在线工具-overview	15002
raw/posts/2026/2026-03-14-elizaOS-Multi-Agent.md	AI-Agent-编排	concept	AI-Agent-编排-overview	14989
raw/posts/2026/2026-03-17-OpenClaw-Setup-Setting.md	AI-Agent-编排	practice	AI-Agent-编排-overview	11606
raw/posts/2026/2026-03-26-Agent-News.md	AI-Agent-编排	practice	AI-Agent-编排-overview	6978
raw/posts/2026/2026-03-27-OpenClaw-Reset-Guide_Ark-Coding-Plan-and-Feishu-Channel.md	AI-Agent-编排	practice	AI-Agent-编排-overview	31617
raw/posts/2026/2026-03-28-ai-tech-open-source.md	AI-Agent-编排	practice	AI-Agent-编排-overview	4943
raw/posts/2026/2026-03-28-effective-harnesses-for-long-running-agents.md	主流-LLM-与厂商	practice	主流-LLM-与厂商-overview	12676
raw/posts/2026/2026-03-29-Harness-Engineering-A-New-Paradigm-of-Software-Engineering-in-the-AI-Era.md	AI-Agent-编排	practice	AI-Agent-编排-overview	47762
raw/posts/2026/2026-03-29-Harness-Engineering.md	AI-Agent-编排	practice	AI-Agent-编排-overview	3193
raw/posts/2026/2026-03-29-harness-design-long-running-apps.md	主流-LLM-与厂商	practice	主流-LLM-与厂商-overview	17826
raw/posts/2026/2026-03-30-Harness-Engineering-Software-Role.md	AI-Agent-编排	practice	AI-Agent-编排-overview	5950
raw/posts/2026/2026-03-30-Harness-Engineering.md	AI-Agent-编排	practice	AI-Agent-编排-overview	16860
raw/posts/2026/2026-03-31-Claude-Code.md	Web-开发与在线工具	practice	Web-开发与在线工具-overview	10365
raw/posts/2026/2026-03-31-opencode.md	AI-Agent-编排	practice	AI-Agent-编排-overview	6080
raw/posts/2026/2026-04-01-claude-code.md	AI-Agent-编排	practice	AI-Agent-编排-overview	47036
raw/posts/2026/2026-04-01-opencode.md	AI-Agent-编排	practice	AI-Agent-编排-overview	5514
raw/posts/2026/2026-04-04-karpathy-llm-knowledge-base.md	RAG-检索增强生成	concept	RAG-检索增强生成-overview	14808
raw/posts/2026/2026-04-05-harness_engineering_guide.md	AI-Agent-编排	practice	AI-Agent-编排-overview	17260
raw/posts/2026/2026-04-06-autoresearch-gemini-3-deepresearch.md	AI-Agent-编排	practice	AI-Agent-编排-overview	17224
raw/posts/2026/2026-04-06-autoresearch.md	AI-Agent-编排	practice	AI-Agent-编排-overview	15327
raw/posts/2026/2026-04-07-wikillm.md	RAG-检索增强生成	concept	RAG-检索增强生成-overview	8420
raw/posts/2026/2026-04-08-gstack.md	AI-Agent-编排	practice	AI-Agent-编排-overview	6696
raw/posts/2026/2026-04-10-2604_08224v1.md	LLM-编码助手	practice	LLM-编码助手-overview	4746
raw/posts/2026/2026-04-10-boil-the-ocean.md	引用链接与科技评论	practice	引用链接与科技评论-overview	4693
raw/posts/2026/2026-04-11-claude-managed-agents.md	AI-Agent-编排	practice	AI-Agent-编排-overview	44541
raw/posts/2026/2026-04-11-macos-automator-inverse-selection.md	macOS-与-Apple-Silicon	practice	macOS-与-Apple-Silicon-overview	2174
raw/posts/2026/2026-04-12-Harness-Engineering.md	AI-Agent-编排	concept	AI-Agent-编排-overview	11761
raw/posts/2026/2026-04-12-Hermes.md	AI-Agent-编排	practice	AI-Agent-编排-overview	59557
raw/posts/2026/2026-04-13-2026-ai-index-report.md	引用链接与科技评论	practice	引用链接与科技评论-overview	7101
raw/posts/2026/2026-04-13-Embodied_AI_Survey.md	具身智能与机器人	practice	具身智能与机器人-overview	55469
raw/posts/2026/2026-04-15-popmart_investment_analysis-2025.md	个人理财与投资	practice	个人理财与投资-overview	32107
raw/posts/2026/2026-04-15-popmart_investment_analysis.md	个人理财与投资	practice	个人理财与投资-overview	26419
raw/posts/2026/2026-04-18-claude-code-plugin-marketplace.md	AI-Agent-编排	practice	AI-Agent-编排-overview	27752
raw/posts/2026/2026-04-19-Understand-Anything.md	AI-Agent-编排	practice	AI-Agent-编排-overview	19841
raw/posts/2026/2026-04-19-code-review-graph.md	MCP-协议栈	practice	MCP-协议栈-overview	5892
raw/posts/2026/2026-04-22-components-of-a-coding-agent.md	AI-Agent-编排	concept	AI-Agent-编排-overview	14931
raw/posts/2026/2026-04-28-deepseek-v4.md	LLM-推理优化	source	2026-04-28-deepseek-v4	62896
raw/posts/2026/2026-04-29-value_china_2025.md	个人理财与投资	practice	个人理财与投资-overview	52607
raw/posts/2026/2026-04-30-webp-image-format.md	macOS-与-Apple-Silicon	practice	macOS-与-Apple-Silicon-overview	632
raw/posts/2026/2026-05-01-automator-image-to-webp.md	macOS-与-Apple-Silicon	practice	macOS-与-Apple-Silicon-overview	3558
raw/posts/2026/2026-05-01-kilocode.md	Web-开发与在线工具	practice	Web-开发与在线工具-overview	13878
raw/posts/2026/2026-05-05-reachy-mini.md	具身智能与机器人	practice	具身智能与机器人-overview	25612
raw/posts/2026/2026-05-06-kilo-code-coding-agent-best-practices.md	AI-Agent-编排	practice	AI-Agent-编排-overview	8708
raw/posts/2026/2026-05-07-integrate-personal-assistant-openclaw-hermes-method.md	AI-Agent-编排	practice	AI-Agent-编排-overview	15235
raw/posts/2026/2026-05-08-kiloclaw-security-white-paper.md	AI-Agent-编排	practice	AI-Agent-编排-overview	18954
raw/posts/2026/2026-05-09-github-pages-giscus-discussions.md	Web-开发与在线工具	practice	Web-开发与在线工具-overview	2105
raw/posts/2026/2026-05-09-hermes-vs-openclaw-when-to-reach.md	AI-Agent-编排	practice	AI-Agent-编排-overview	11341
raw/posts/2026/2026-05-10-karpathy-llm-wiki.md	RAG-检索增强生成	concept	RAG-检索增强生成-overview	11808
raw/posts/2026/2026-05-10-quote-andrew-quinn.md	向量数据库与语义搜索	absorbed	-	1640
raw/posts/2026/2026-05-10-reachy-mini-dev-guide-motion-to-media.md	计算机视觉与目标检测	practice	计算机视觉与目标检测-overview	31267
raw/posts/2026/2026-05-11-using-claude-code-the-unreasonable-effectiveness-of-html.md	Web-开发与在线工具	practice	Web-开发与在线工具-overview	13677
raw/posts/2026/2026-05-13-speech-to-speech.md	语音与音频处理	practice	语音与音频处理-overview	40098
raw/posts/2026/2026-05-15-build-reachy-mini-voice-conversation-agent.md	LLM-部署与开源生态	practice	LLM-部署与开源生态-overview	26755
raw/posts/2026/2026-05-16-pi-agent-architecture.md	AI-Agent-编排	concept	AI-Agent-编排-overview	30031
raw/posts/2026/2026-05-17-kilocode-architecture.md	MCP-协议栈	practice	MCP-协议栈-overview	19162
raw/posts/2026/2026-05-18-reachy_mini_conversation_app.md	计算机视觉与目标检测	practice	计算机视觉与目标检测-overview	6605
raw/posts/2026/2026-05-19-bitter-lesson.md	LLM-技术报告与前沿论文	source	bitter-lesson	6445
raw/posts/2026/2026-05-20-pi-agent-ollama-integration-guide.md	AI-Agent-编排	practice	AI-Agent-编排-overview	6722
raw/posts/2026/2026-05-21-pi-agent-core-readme.md	AI-Agent-编排	practice	AI-Agent-编排-overview	16270
raw/posts/2026/2026-05-21-pi-agent-sdk-guide.md	AI-Agent-编排	practice	AI-Agent-编排-overview	32521
raw/posts/2026/2026-05-24-pi-agent-event-examples.md	AI-Agent-编排	practice	AI-Agent-编排-overview	22826
raw/posts/2026/2026-05-25-mac-screen-media-guide-gif-ffmpeg-compression.md	macOS-与-Apple-Silicon	practice	macOS-与-Apple-Silicon-overview	12318
raw/posts/2026/2026-05-26-quote-paul-graham.md	引用链接与科技评论	absorbed	-	931
raw/posts/2026/2026-05-28-litellm.md	LLM-部署与开源生态	practice	LLM-部署与开源生态-overview	4309
raw/posts/2026/2026-05-29-claude-code.md	macOS-与-Apple-Silicon	practice	macOS-与-Apple-Silicon-overview	2211
raw/posts/2026/2026-05-29-uv-pip-add-tool.md	办公自动化与效率工具	practice	办公自动化与效率工具-overview	5768
raw/posts/2026/2026-06-01-claude-code.md	MCP-协议栈	practice	MCP-协议栈-overview	5315
raw/posts/2026/2026-06-02-kilo-opencode-agent-guidelines.md	LLM-编码助手	practice	LLM-编码助手-overview	5389
raw/posts/2026/2026-06-02-license-agpl-v3.md	引用链接与科技评论	practice	引用链接与科技评论-overview	28952
raw/posts/2026/2026-06-03-agent-era-coevolution-and-compute-economics.md	LLM-编码助手	practice	LLM-编码助手-overview	6676
raw/posts/2026/2026-06-04-edge-litert-lm-gemma4.md	Jetson-与边缘计算	practice	Jetson-与边缘计算-overview	14735
raw/posts/2026/2026-06-06-jaccard-minhash-text-similarity-guide.md	办公自动化与效率工具	practice	办公自动化与效率工具-overview	21230
raw/posts/2026/2026-06-06-k-shingle-text-deduplication-anti-tampering-guide.md	向量数据库与语义搜索	concept	向量数据库与语义搜索-overview	7251
raw/posts/2026/2026-06-07-coding-assistant-contribution-ratio-design.md	LLM-编码助手	practice	LLM-编码助手-overview	23292
raw/posts/2026/2026-06-07-general-high-school-vocabulary-2025.md	语言学习与教育	source	2026-06-07-general-high-school-vocabulary-2025	80278
raw/posts/2026/2026-06-09-quote-andrej-karpathy.md	引用链接与科技评论	absorbed	-	881
raw/posts/2026/2026-06-10-audio2sub.md	语音与音频处理	practice	语音与音频处理-overview	17293
raw/posts/2026/2026-06-13-release-spacex.md	个人理财与投资	practice	个人理财与投资-releases	8583
raw/posts/2026/2026-06-16-quote-georgi-gerganov.md	引用链接与科技评论	absorbed	-	1168
raw/posts/2026/2026-06-17-kilo-code-ai-code-gen-rate-attribution-system-design.md	LLM-编码助手	source	kilo-code-ai-code-gen-rate-attribution-system-design	46749
raw/posts/2026/2026-06-17-open-knowledge-format-0.1.md	AI-Agent-编排	concept	AI-Agent-编排-overview	14950
raw/posts/2026/2026-06-19-ai-weekly.md	主流-LLM-与厂商	practice	主流-LLM-与厂商-overview	18613
raw/posts/2026/2026-06-20-release-simon-willison-blog-analysis.md	引用链接与科技评论	practice	引用链接与科技评论-releases	4800
raw/posts/2026/2026-06-21-link-simon-willison-weblog.md	AI-Agent-编排	absorbed	-	2965
raw/posts/2026/2026-06-21-note-qr-code.md	Web-开发与在线工具	absorbed	-	3358
raw/posts/2026/2026-06-21-release-json-prettifier.md	Web-开发与在线工具	practice	Web-开发与在线工具-releases	2276
raw/posts/2026/2026-06-21-release-minesweeper.md	Web-开发与在线工具	practice	Web-开发与在线工具-releases	2194
raw/posts/2026/2026-06-21-release-tank-game.md	Web-开发与在线工具	practice	Web-开发与在线工具-releases	2056
raw/posts/2026/2026-06-22-release-clipboard-backup.md	Web-开发与在线工具	practice	Web-开发与在线工具-releases	2390
raw/posts/2026/2026-06-22-release-dot.md	Web-开发与在线工具	practice	Web-开发与在线工具-overview	1818
raw/posts/2026/2026-06-22-release-qr-code-decoder.md	Web-开发与在线工具	practice	Web-开发与在线工具-releases	2977
raw/posts/2026/2026-06-22-release-qr-code-generator.md	Web-开发与在线工具	practice	Web-开发与在线工具-releases	2161
raw/posts/2026/2026-06-22-release-render-markdown.md	Web-开发与在线工具	practice	Web-开发与在线工具-releases	2224
raw/posts/2026/2026-06-22-release-svg-renderer.md	Web-开发与在线工具	practice	Web-开发与在线工具-releases	1852
raw/posts/2026/2026-06-22-release-word-memory.md	语言学习与教育	practice	语言学习与教育-releases	2580
raw/posts/2026/2026-06-23-jiuwenswarm-architecture-analysis.md	AI-Agent-编排	practice	AI-Agent-编排-overview	40671
raw/posts/2026/2026-06-23-release-english-words.md	语言学习与教育	practice	语言学习与教育-releases	2543
raw/posts/2026/2026-06-23-release-minimalist-long-text-reader.md	语音与音频处理	practice	语音与音频处理-releases	1871
raw/posts/2026/2026-06-23-release-read-aloud.md	语音与音频处理	practice	语音与音频处理-releases	2575
raw/posts/2026/2026-06-24-browser-tts-experience.md	Web-开发与在线工具	practice	Web-开发与在线工具-overview	9418
raw/posts/2026/2026-06-24-release-reading-companion.md	语音与音频处理	practice	语音与音频处理-releases	2843
raw/posts/2026/2026-06-25-release-online-translator.md	Web-开发与在线工具	practice	Web-开发与在线工具-releases	2882
raw/posts/2026/2026-06-26-ai-weekly.md	主流-LLM-与厂商	practice	主流-LLM-与厂商-overview	13960
raw/posts/2026/2026-06-26-link-excalidraw.md	Web-开发与在线工具	absorbed	-	2451
raw/posts/2026/2026-06-27-deepseek-dspark.md	LLM-推理优化	concept	LLM-推理优化-overview	26139
raw/posts/2026/2026-06-27-link-mineru.md	RAG-检索增强生成	absorbed	-	4441
raw/posts/2026/2026-06-27-link-skvm.md	AI-Agent-编排	absorbed	-	8079
raw/posts/2026/2026-06-28-design-spec.md	AI-Agent-编排	practice	AI-Agent-编排-overview	21230
raw/posts/2026/2026-06-28-design.md	AI-Agent-编排	practice	AI-Agent-编排-overview	11676
raw/posts/2026/2026-06-28-link-design.md	AI-Agent-编排	absorbed	-	4477
raw/posts/2026/2026-06-28-link-dspark.md	LLM-推理优化	absorbed	-	3992
raw/posts/2026/2026-06-28-stitch.md	AI-Agent-编排	practice	AI-Agent-编排-overview	7239
raw/posts/2026/2026-06-29-deepspec-qwen3-dspark.md	LLM-推理优化	concept	LLM-推理优化-overview	29202
raw/posts/2026/2026-06-29-paper-dspark.md	LLM-推理优化	concept	LLM-推理优化-overview	55878
raw/posts/2026/2026-06-29-release-reader.md	语音与音频处理	practice	语音与音频处理-releases	2580
raw/posts/2026/2026-06-30-dspark-dflash-eagle3.md	LLM-推理优化	concept	LLM-推理优化-overview	7413
raw/posts/2026/2026-06-30-paper-skvm.md	AI-Agent-编排	source	2026-06-30-paper-skvm	61946
raw/posts/2026/2026-07-01-intelligent-customer-service.md	RAG-检索增强生成	concept	RAG-检索增强生成-overview	3968
raw/posts/2026/2026-07-03-ai-eco-lab-workflow.md	引用链接与科技评论	practice	引用链接与科技评论-overview	16010
raw/posts/2026/2026-07-03-ai-weekly.md	Jetson-与边缘计算	practice	Jetson-与边缘计算-overview	14329
raw/posts/2026/2026-07-04-andrej-karpathy-coding-guidelines.md	引用链接与科技评论	concept	引用链接与科技评论-overview	11433
raw/posts/2026/2026-07-04-harness-engineering-for-self-improvement.md	AI-Agent-编排	practice	AI-Agent-编排-overview	42249
raw/posts/2026/2026-07-04-link-graphviz-online.md	Web-开发与在线工具	absorbed	-	3733
raw/posts/2026/2026-07-04-link-photoroom.md	图像生成与扩散模型	absorbed	-	7157
raw/posts/2026/2026-07-05-baai-world-model.md	Jetson-与边缘计算	practice	Jetson-与边缘计算-overview	1189
raw/posts/2026/2026-07-06-a-field-guide-to-claude-fable-finding-your-unknowns.md	主流-LLM-与厂商	practice	主流-LLM-与厂商-overview	14410
raw/posts/2026/2026-07-06-open-ai-eco-git-lfs.md	Web-开发与在线工具	practice	Web-开发与在线工具-overview	7076
raw/posts/2026/2026-07-07-workbuddy-showcase-work.md	AI-Agent-编排	practice	AI-Agent-编排-overview	28212
raw/posts/2026/2026-07-09-workbuddy-inside.md	AI-Agent-编排	practice	AI-Agent-编排-overview	28943
raw/posts/2026/2026-07-09-workbuddy-showcase-coding.md	AI-Agent-编排	practice	AI-Agent-编排-overview	16911
raw/posts/2026/2026-07-11-workbuddy-showcase-design.md	AI-Agent-编排	practice	AI-Agent-编排-overview	40920
raw/posts/2026/2026-07-12-agent-design-inside.md	AI-Agent-编排	practice	AI-Agent-编排-overview	51723
raw/posts/2026/2026-07-12-workbuddy-internals.md	AI-Agent-编排	practice	AI-Agent-编排-overview	13481
raw/posts/2026/2026-07-12-workbuddy-ioa-models-comparison.md	AI-Agent-编排	practice	AI-Agent-编排-overview	18356
raw/posts/2026/2026-07-12-workbuddy-models-config-research.md	AI-Agent-编排	practice	AI-Agent-编排-overview	9481
raw/posts/2026/2026-07-12-workbuddy-templates_research_report.md	AI-Agent-编排	practice	AI-Agent-编排-overview	17127
raw/posts/2026/2026-07-16-codebuddy-plugins-official.md	AI-Agent-编排	practice	AI-Agent-编排-overview	31354
raw/posts/2026/2026-07-16-release-tank-battle.md	Web-开发与在线工具	practice	Web-开发与在线工具-releases	2762
raw/posts/2026/2026-07-17-chinese-chess-dev-summary.md	Web-开发与在线工具	practice	Web-开发与在线工具-overview	16359
raw/posts/2026/2026-07-17-codebuddy-plugins-official-domains-summary.md	AI-Agent-编排	practice	AI-Agent-编排-overview	25840
raw/posts/2026/2026-07-17-release-chinese-chess.md	Web-开发与在线工具	practice	Web-开发与在线工具-releases	2557
raw/posts/2026/2026-07-17-tank-battle-dev-quick.md	Web-开发与在线工具	source	tank-battle-dev-quick	52992
raw/posts/2026/2026-07-18-acp-agent-integration.md	AI-Agent-编排	practice	AI-Agent-编排-overview	13168
raw/posts/2026/2026-07-18-hallmark-design-skill-guide.md	AI-Agent-编排	practice	AI-Agent-编排-overview	15363
raw/posts/2026/2026-07-18-workbuddy-prompt-templates.md	AI-Agent-编排	source	2026-07-18-workbuddy-prompt-templates	190128
