raw_path	hash	last_modified	wiki_paths	batch_id	compile_time	status
raw/posts/2019/2019-07-23-jupyter-notebook-practice.md	acaf164c901c483b0bb294ca23c02eeb4668b4b40e80c7027df873a6171d7cc4	2026-07-21	wiki/practices/IDE-与编辑器.md	40	2026-07-21	done
raw/posts/2021/2021-03-01-vscode-practice.md	950d72111498c669c2970a8f4f0084b77f4eb9d10a5550b5345aa7d0052a471c	2026-07-21	wiki/practices/IDE-与编辑器.md	40	2026-07-21	done
raw/posts/2021/2021-03-04-vscode-remote-development-ssh.md	bb535d4d4e5566bf7344c6f68ea43ad6a7728a28a70a15c8259002e9152dc09e	2026-07-21	wiki/practices/IDE-与编辑器.md	40	2026-07-21	done
raw/posts/2023/2023-04-01-github-copilot-your-ai-pair-programmer.md	c5d1d9fd299f8c1a136e54538ff3ccb6ee388d908b02f3d2758097b6617fc501	2026-07-21	wiki/practices/IDE-与编辑器.md	40	2026-07-21	done
raw/posts/2023/2023-04-02-python-in-visual-studio-code.md	0107c3d7be02d4186b1626b9adc4b8e0a12c40713a59db25a22f2acfc6fa78c3	2026-07-21	wiki/practices/IDE-与编辑器.md	40	2026-07-21	done
raw/posts/2024/2024-07-09-Visual-Studio-Code-Shortcut.md	e367c33b926b0eb1182bf5035bf71637e32d59164c06a980ebc7d913984ee3c3	2026-07-21	wiki/practices/IDE-与编辑器.md	40	2026-07-21	done
raw/posts/2024/2024-08-06-Visual-Studio-Code-Extension.md	02de00323157c5af7d3efefaf8e80987d702e551cd7238a1d52e3a357b9e2de5	2026-07-21	wiki/practices/IDE-与编辑器.md	40	2026-07-21	done
raw/posts/2024/2024-08-26-Continue-Source-Code-Analysis-Keyboard-Shortcuts.md	aaed9d3d4f8ea7af5cee6b06507e948e7de4effa29f98856569e257dd7b6b3d1	2026-07-21	wiki/practices/IDE-与编辑器.md	40	2026-07-21	done
raw/posts/2025/2025-06-11-Cherry-Studio-Branch-Strategy.md	c390a3e68751bbebfe4f16c47ef8655cdc86b13c942437e8ec5009a325bcc19d	2026-07-21	wiki/practices/IDE-与编辑器.md	40	2026-07-21	done
raw/posts/2020/2020-10-18-install-nvidia-docker2-on-ubuntu.md	a47fd4b56fe70ff445c3005ffa070c9880843eee2832ae673b27c177d21a3baf	2026-07-21	wiki/practices/GPU-与-CUDA-开发.md	38-39	2026-07-21	done
raw/posts/2020/2020-11-03-install-nvidia-gpu-driver-on-ubuntu.md	1505027988f35c9a558ed975277648be5cabdcbcb4e8d1c6a675e450887c0943	2026-07-21	wiki/practices/GPU-与-CUDA-开发.md	38-39	2026-07-21	done
raw/posts/2020/2020-11-28-find-system-information-on-linux.md	790aa05a772fd0429e1b14c63c7ffa363fa200cf50a254b437daaa09a121b67e	2026-07-21	wiki/practices/GPU-与-CUDA-开发.md	38-39	2026-07-21	done
raw/posts/2021/2021-01-03-command-ffmpeg.md	4c93b7d57482f61bde81185610ec0a1d106fd4e7c5be9d550206ad12c48eca19	2026-07-21	wiki/practices/GPU-与-CUDA-开发.md	38-39	2026-07-21	done
raw/posts/2021/2021-01-08-building-onnxruntime.md	a4559d4ff4d46537207ab0ec81d5b5cbc4576dc140802d572a8896016f5d5d46	2026-07-21	wiki/practices/GPU-与-CUDA-开发.md	38-39	2026-07-21	done
raw/posts/2021/2021-01-08-dockerfile-onnxruntime-gpu.md	cd6026e834ff8aa97ef2d80dafafb0db92dfcffcf3d2c6384b8aca131fb24cd2	2026-07-21	wiki/practices/GPU-与-CUDA-开发.md	38-39	2026-07-21	done
raw/posts/2021/2021-05-20-gpu-sharing-in-kubernetes.md	6214646a6df89feab6bc004794f47328dd635ce7091c599a2443e458dad65d3a	2026-07-21	wiki/practices/GPU-与-CUDA-开发.md	38-39	2026-07-21	done
raw/posts/2022/2022-01-28-gaiagpu-sharing-gpus-in-container-clouds.md	31f43e13f540057fb5cf3100d59c5026e7e9a6414102c7b5f8d63b738bd82b0c	2026-07-21	wiki/practices/GPU-与-CUDA-开发.md	38-39	2026-07-21	done
raw/posts/2022/2022-02-08-install-cuda-toolkit-on-linux.md	0b9cf1469ea357cb8f204d28efe25647ab94739086b69b510f22c6da49e9b553	2026-07-21	wiki/practices/GPU-与-CUDA-开发.md	38-39	2026-07-21	done
raw/posts/2022/2022-02-09-build-an-onnxruntime-based-inference-serving.md	5ce29d7d05e61e61537eefb26f24a784d70a2844d8c44319a2c6e0ec62a945dd	2026-07-21	wiki/practices/GPU-与-CUDA-开发.md	38-39	2026-07-21	done
raw/posts/2022/2022-03-17-build-a-development-service-image-based-on-paddlepaddle.md	ca07a00883f7daeaaa4610c4acbeac1fadf32cd0a389362c1234415aa96320f5	2026-07-21	wiki/practices/GPU-与-CUDA-开发.md	38-39	2026-07-21	done
raw/posts/2022/2022-05-02-nvidia-software-stack-build.md	0c37ac424375bccc53aae03d95b3c418ef08627f1788b6be996bebba9f450c63	2026-07-21	wiki/practices/GPU-与-CUDA-开发.md	38-39	2026-07-21	done
raw/posts/2022/2022-05-03-switch-nvidia-gpu-to-intel-integrated-graphics-idg-on-ubuntu.md	00fb7f31017e638fbfbe8c9274744cbf52479c17132241b9069e890013f9d96d	2026-07-21	wiki/practices/GPU-与-CUDA-开发.md	38-39	2026-07-21	done
raw/posts/2022/2022-06-29-install-tvm-from-source.md	47445ea7d596c3e94b631486b43aa48d31ed4ec491f02f122b811ff75675c9e3	2026-07-21	wiki/practices/GPU-与-CUDA-开发.md	38-39	2026-07-21	done
raw/posts/2023/2023-09-12-deploy-llm.md	eb306f2a91b7e44dc6dbfd52ac171ee51191aeb8661091be59c90aeeb9522a6f	2026-07-21	wiki/practices/GPU-与-CUDA-开发.md	38-39	2026-07-21	done
raw/posts/2023/2023-12-12-TensorRT-LLM-Inference.md	0340f7e0d40e2cbd062eee10f4a789e71430f99634aa3b831523ece803bfbaed	2026-07-21	wiki/practices/GPU-与-CUDA-开发.md	38-39	2026-07-21	done
raw/posts/2024/2024-01-08-NVIDIA-Driver-Installation.md	d5a9c1b9b6411d4fccb46382a74785e580e34713c236b68228b9c4e095841ed2	2026-07-21	wiki/practices/GPU-与-CUDA-开发.md	38-39	2026-07-21	done
raw/posts/2025/2025-07-13-Nvidia-AI-Stack-LLM-Development-Inference-Embodied-AI.md	eff926507fbf682f86ab2ac63b614bbfac26ba2811b42ef95777a02a1547ff5d	2026-07-21	wiki/practices/GPU-与-CUDA-开发.md	38-39	2026-07-21	done
raw/posts/2025/2025-10-16-nmtui_JetsonThor_WiFi-AP-Config.md	fb68686cb68a723ee8bbfd60fe012d4bf92daf07472d1d96b97a794f7ecb3f48	2026-07-21	wiki/practices/GPU-与-CUDA-开发.md	38-39	2026-07-21	done
raw/posts/2026/2026-01-11-NVIDIA-CES-2026-Physical-AI.md	06317079eb6e8476a553a23cc005f6b26726995e3b8a342ce38b9cab53f89592	2026-07-21	wiki/practices/GPU-与-CUDA-开发.md	38-39	2026-07-21	done
raw/posts/2022/2022-01-12-compile-the-embedded-operating-system-of-cambrian-mlu220.md	520c7c50b18c6ed64c9b3b2e1e3c991a6dc6b7ca0da4ca60ed6ca5ec6a322fdb	2026-07-21	wiki/practices/Jetson-与边缘计算.md	41	2026-07-21	done
raw/posts/2022/2022-07-21-easyedge.md	4bfff60b492b9f7227937b743c746a3c66fbd3386fd480dcf54b53177b80ff6b	2026-07-21	wiki/practices/Jetson-与边缘计算.md	41	2026-07-21	done
raw/posts/2022/2022-07-25-edge-hardware.md	5d1f4dedb6fad78a4045d1d6d9ca3471d5578cd47024ca96d01da214580a9bd9	2026-07-21	wiki/practices/Jetson-与边缘计算.md	41	2026-07-21	done
raw/posts/2025/2025-06-14-NVIDIA-Embodied-Edge-Chip-Jetson-Thor-And-Isaac-ROS.md	096cf736e475a5a215d71ae5f6e15cb6ced9959b1774b0d399d6ad73fb6f2342	2026-07-21	wiki/practices/Jetson-与边缘计算.md	41	2026-07-21	done
raw/posts/2025/2025-07-03-Jetson-AGX-Orin-LLM-Deployment.md	26afdca35d651af8a4bd7aa2504cf1bdd1999d61f6447114fc3651021457a9e6	2026-07-21	wiki/practices/Jetson-与边缘计算.md	41	2026-07-21	done
raw/posts/2025/2025-09-06-NanoBanana.md	52703613feccf26a3363c56dbd91239bfbee465734b03262e86e0abdb715432e	2026-07-21	wiki/practices/Jetson-与边缘计算.md	41	2026-07-21	done
raw/posts/2026/2026-01-10-AI-Apps-for-Edge-Power-Devices.md	fc6937e83ffe1e27c703771e72d466df598eda2006438b1c599f0c6c3edaa95b	2026-07-21	wiki/practices/Jetson-与边缘计算.md	41	2026-07-21	done
raw/posts/2026/2026-06-04-edge-litert-lm-gemma4.md	b9c06431ee68df02d35d24c199582e786c2653bc95c48e274f8e8ff5b5bcb3bc	2026-07-21	wiki/practices/Jetson-与边缘计算.md	41	2026-07-21	done
raw/posts/2026/2026-07-03-ai-weekly.md	597af297a3dc02c371418cc6576d260ed079a2b06ab2baabf76d0994b5a1172b	2026-07-21	wiki/practices/Jetson-与边缘计算.md	41	2026-07-21	done
raw/posts/2026/2026-07-05-baai-world-model.md	c195bdb6cb7bb64292ca0d768993c7436d9ca2ad5af0dab7836421b77ffca77e	2026-07-21	wiki/practices/Jetson-与边缘计算.md	41	2026-07-21	done
raw/posts/2018/2018-12-26-container-based-load-balancing.md	7a5a9393374cea8092af138a9188eef018881491f539f4cf33c445ad9e235b2a	2026-07-21	wiki/practices/Docker-容器化.md	35-36	2026-07-21	done
raw/posts/2019/2019-02-20-build-a-private-docker-registry.md	ac3aeca012ec3a33dcf72272dcf3d454fe9ab81909ab7d51bf1198a71d296781	2026-07-21	wiki/practices/Docker-容器化.md	35-36	2026-07-21	done
raw/posts/2019/2019-03-05-dockerfile-jdk-mcr(matlab-compiler-runtime).md	1243d1b1b8f2ba8214ccabe2693815e4a6d2b00f9f4262716c419625bd84e95f	2026-07-21	wiki/practices/Docker-容器化.md	35-36	2026-07-21	done
raw/posts/2020/2020-09-12-install-harbor.md	3abd0aa595119a3cf21fd69bd01468eec1ffb3b240d1e6dad4a5d6e581c897ab	2026-07-21	wiki/practices/Docker-容器化.md	35-36	2026-07-21	done
raw/posts/2020/2020-11-05-kubernetes-cluster-joins-worker-node.md	1eda2e7b569a0be484d6d13b3f255c5695ae42fc478bee2ae1419b56af82918f	2026-07-21	wiki/practices/Docker-容器化.md	35-36	2026-07-21	done
raw/posts/2020/2020-11-06-kubernetes-cluster-build-master-node.md	6c404c1e0a375c405197300250647b61a1157266cb25cc9df6eab0ca3c2f2758	2026-07-21	wiki/practices/Docker-容器化.md	35-36	2026-07-21	done
raw/posts/2020/2020-12-02-download-docker-and-nvidia-docker2-offline-installation-package-on-ubuntu.md	1d6112d58e86cfdbb91f3b16a92b4c2212cb51cf3558f5fc4e945b40824abfe9	2026-07-21	wiki/practices/Docker-容器化.md	35-36	2026-07-21	done
raw/posts/2021/2021-01-09-dockerfile-opencv4-ubuntu2004.md	085835805ce965bcd3bbfa00d6e47ecd01b223c8e110b1902f31add7b9884d2d	2026-07-21	wiki/practices/Docker-容器化.md	35-36	2026-07-21	done
raw/posts/2021/2021-01-11-docker-practice.md	2b05a95278f77ccb8ff74e804c1158c631bc0c8798475b4dae64a04e852cc742	2026-07-21	wiki/practices/Docker-容器化.md	35-36	2026-07-21	done
raw/posts/2021/2021-01-12-create-a-private-python-package-repository-based-on-pypiserver.md	cdbcb1615bb372768508b9af3e09f382531ef96f4e9ac0dcd87ad67b73be76b3	2026-07-21	wiki/practices/Docker-容器化.md	35-36	2026-07-21	done
raw/posts/2021/2021-04-01-inside-the-container.md	3338693079f3ba481d4df3db0acf0f0b20499f4bd2a7390670ec57737e1dead4	2026-07-21	wiki/practices/Docker-容器化.md	35-36	2026-07-21	done
raw/posts/2021/2021-04-16-ai-model-automatic-builder.md	f8e3b014fd9500389f06e90705c98e359d6d776c5f4f60540bd966ad931778bd	2026-07-21	wiki/practices/Docker-容器化.md	35-36	2026-07-21	done
raw/posts/2021/2021-06-21-run-the-first-application-on-kubernetes.md	734c934d721b2c4acaf742610719f082815ad5a609b3baa348ecd586bd8c18ff	2026-07-21	wiki/practices/Docker-容器化.md	35-36	2026-07-21	done
raw/posts/2021/2021-07-04-volume-in-kubernetes-mount-the-disk-to-the-container.md	f8794a6aab995c4d5ab65d069f8455e42cf8a173c657484a6bb1b70044b14546	2026-07-21	wiki/practices/Docker-容器化.md	35-36	2026-07-21	done
raw/posts/2021/2021-07-05-configmap-and-secret-configure-the-application.md	a339deac0eff902524dcf7086e5603cad0ca402ea4098b723679027bf6102b16	2026-07-21	wiki/practices/Docker-容器化.md	35-36	2026-07-21	done
raw/posts/2022/2022-02-18-execute-lua-scripts-in-openresty.md	a327963506aff795a50ebc7135e7227c8f08010963e910e9edbc449543c9682c	2026-07-21	wiki/practices/Docker-容器化.md	35-36	2026-07-21	done
raw/posts/2022/2022-03-18-dockerfile-practice.md	565923352bfa865dc4438027d853a307a881ed1cb9a603d9d4afa18360eb6fa3	2026-07-21	wiki/practices/Docker-容器化.md	35-36	2026-07-21	done
raw/posts/2023/2023-05-12-speed-up-docker-build-images.md	12d74f3f5e9c8d8f90d8e4e39e8e2d3a42b3a5a5c6c3c5d6e7f8a9b0c1d2e3f4	2026-07-21	wiki/practices/Docker-容器化.md	35-36	2026-07-21	done
raw/posts/2023/2023-05-13-build-containerize-python-application.md	c59b04c0a50b1acd5cb4fc4cb8b5c3b1a0b2c3d4e5f6a7b8c9d0e1f2a3b4c5d6	2026-07-21	wiki/practices/Docker-容器化.md	35-36	2026-07-21	done
raw/posts/2023/2023-05-18-macos-docker.md	f8fb188c3d8e2c5b8f7a6b5c4d3e2f1a0b9c8d7e6f5a4b3c2d1e0f9a8b7c6d5e	2026-07-21	wiki/practices/Docker-容器化.md	35-36	2026-07-21	done
raw/posts/2023/2023-05-21-docker-building-multi-platform-images.md	2e7b697f3a4b5c6d7e8f9a0b1c2d3e4f5a6b7c8d9e0f1a2b3c4d5e6f7a8b9c0d	2026-07-21	wiki/practices/Docker-容器化.md	35-36	2026-07-21	done
raw/posts/2023/2023-10-11-the-scope-of-the-arg-directive-in-dockerfile.md	a68f3e7f5c6d7e8f9a0b1c2d3e4f5a6b7c8d9e0f1a2b3c4d5e6f7a8b9c0d1e2f	2026-07-21	wiki/practices/Docker-容器化.md	35-36	2026-07-21	done
raw/posts/2024/2024-09-10-Higress-AI-Gateway.md	a8abb1229d3592b01935315d2b519361f48940291f2e8e24fe6260a2a8867453	2026-07-21	wiki/practices/Docker-容器化.md	37	2026-07-21	done
raw/posts/2024/2024-09-11-Kong-AI-Gateway.md	65cf88e218179606357a84ee77b5c0d137e99479e8ca55f9908b866c280592b9	2026-07-21	wiki/practices/Docker-容器化.md	37	2026-07-21	done
raw/posts/2025/2025-06-16-Build-a-local-npm-registry-based-on-Verdaccio.md	bd999e251655a1c71ae69e7edd5c24e5a8a6e825467774580a3a702a70741169	2026-07-21	wiki/practices/Docker-容器化.md	37	2026-07-21	done
raw/posts/2021/2021-02-25-install-nvidia-device-plugin-for-kubernetes.md	98589480d8c7ba7eae2503558038623e640fe7105bc09ac367a1228ac74527c4	2026-07-21	wiki/practices/Kubernetes-编排.md	42-43	2026-07-21	done
raw/posts/2021/2021-04-07-command-helm.md	0be7c1b432bfd24587554a2cecaf10c794a257ca11f31073aa2a01e5648b57f6	2026-07-21	wiki/practices/Kubernetes-编排.md	42-43	2026-07-21	done
raw/posts/2021/2021-06-19-kubernetes-cluster-certificate-has-expired.md	03c25144b7bcc6138c0b2ba8bed28485b80c010c5da6dc19aef5c010bd55a447	2026-07-21	wiki/practices/Kubernetes-编排.md	42-43	2026-07-21	done
raw/posts/2021/2021-06-20-delete-node-in-kubernetes.md	21b485ad05edcf48d9fb85e78406c45b82c1eb14ff60e203762357420c197dd3	2026-07-21	wiki/practices/Kubernetes-编排.md	42-43	2026-07-21	done
raw/posts/2021/2021-06-22-kubernetes-api.md	987b658165c9f54c0532dacc55013e58e5942ac523d8d239636888e98d444d93	2026-07-21	wiki/practices/Kubernetes-编排.md	42-43	2026-07-21	done
raw/posts/2021/2021-06-23-connect-pod-via-port-forwarding.md	5bc4ad9e1a0195b271d915f30ea5f9616bb16afb30e772857e393e483937b0b8	2026-07-21	wiki/practices/Kubernetes-编排.md	42-43	2026-07-21	done
raw/posts/2021/2021-06-24-labels-and-label-selectors-in-kubernetes.md	d0ba5edd3f39187f8e0e77ca0d85d328c1c4f931a01e6b075ac5212962f91056	2026-07-21	wiki/practices/Kubernetes-编排.md	42-43	2026-07-21	done
raw/posts/2021/2021-06-25-annotations-in-kubernetes.md	e86915335a17075fd1ffab7c8a9333c215aabbae5e3116ce6bb3d61cd07fe6c1	2026-07-21	wiki/practices/Kubernetes-编排.md	42-43	2026-07-21	done
raw/posts/2021/2021-06-26-namespaces-in-kubernetes.md	14feb95a6260ef3bdfd7deeb5a10f0cce8ac91e019cd4a0eea6b3a59e8204fff	2026-07-21	wiki/practices/Kubernetes-编排.md	42-43	2026-07-21	done
raw/posts/2021/2021-06-27-replicationcontroller-and-replicaset-in-kubernetes.md	47d5b6305b4e8000cb3012e44d1637aa81f9bc4fc80c4537a07f3cd3d95467f1	2026-07-21	wiki/practices/Kubernetes-编排.md	42-43	2026-07-21	done
raw/posts/2021/2021-06-28-daemonset-in-kubernetes.md	939c38cfcc798c3e4fa6ea05deec8edf6dbb4b9a42823ebd9e177739494b9398	2026-07-21	wiki/practices/Kubernetes-编排.md	42-43	2026-07-21	done
raw/posts/2021/2021-06-29-job-and-cronjob-in-kubernetes.md	b07bcd81dd88be348211e7fcc2f74e03d843f5a85b27a73f2b5e95267f39f004	2026-07-21	wiki/practices/Kubernetes-编排.md	42-43	2026-07-21	done
raw/posts/2021/2021-06-30-create-a-job-based-on-a-template.md	d77eb0de50997b3c06b82cd168e5dd440965ec5f3927c0d09aea85a3e3c980dc	2026-07-21	wiki/practices/Kubernetes-编排.md	42-43	2026-07-21	done
raw/posts/2021/2021-07-01-service-in-kubernetes.md	eac68205ffac91b094b6f7a16f29eb145c24574476f1fb4549d6b40cef4c345a	2026-07-21	wiki/practices/Kubernetes-编排.md	42-43	2026-07-21	done
raw/posts/2021/2021-07-02-taint-and-toleration-in-kubernetes.md	e6a99b8124ba304953e824d8db5517eeb453f0640125f764bc67ef78dd5c9130	2026-07-21	wiki/practices/Kubernetes-编排.md	42-43	2026-07-21	done
raw/posts/2021/2021-07-03-node-affinity-and-pod-affinity-in-kubernetes.md	5936b56003433e124cce2098f312bd7900552c338d8b3fed865804700dd0ecbb	2026-07-21	wiki/practices/Kubernetes-编排.md	42-43	2026-07-21	done
raw/posts/2021/2021-07-06-how-to-restore-accidentally-deleted-nodes-in-kubernetes.md	49c7a7abeed359c14ee6f8a03cdad159a0b5f5730b31a4ce98e8a2617c1f1903	2026-07-21	wiki/practices/Kubernetes-编排.md	42-43	2026-07-21	done
raw/posts/2021/2021-07-11-security-protection-of-kubernetes-api-server.md	c758b586f1196d81156cb81e77dfcf541a45ebe89dd9b2e0c0df750571289c1c	2026-07-21	wiki/practices/Kubernetes-编排.md	42-43	2026-07-21	done
raw/posts/2021/2021-07-15-install-ingress-on-kubernetes.md	f3984942d7f13b79e32932ae494f3de0a970430ad2506b38e88e9965cde0d5ec	2026-07-21	wiki/practices/Kubernetes-编排.md	42-43	2026-07-21	done
raw/posts/2021/2021-07-19-minikube.md	20bdbb4d2118e531c3f8630293cdf2bd72f1025a3751912eb17bc7bf82c5e7f1	2026-07-21	wiki/practices/Kubernetes-编排.md	42-43	2026-07-21	done
raw/posts/2021/2021-07-21-kubernetes-jsonpath-practice.md	4437c70b14e8fda14102cfc8365303aa27298808ad71698519ddfc2529b47aa8	2026-07-21	wiki/practices/Kubernetes-编排.md	42-43	2026-07-21	done
raw/posts/2021/2021-07-29-computing-resource-management-in-kubernetes.md	0e974d77b366676ef523052a182329410446801ccde45ab3e03ed2db134c7bc	2026-07-21	wiki/practices/Kubernetes-编排.md	42-43	2026-07-21	done
raw/posts/2021/2021-07-31-multi-tenancy-in-kubernetes.md	1191f1a0145727884f75753647b51d7b7a265ba633553815decc664b0e2ac432	2026-07-21	wiki/practices/Kubernetes-编排.md	42-43	2026-07-21	done
raw/posts/2021/2021-10-22-install-kubernetes-1_21_5.md	810d445387210d7875e1ccaefa2f60a31c8fe6dbfbd8654c3716f74593b75ed0	2026-07-21	wiki/practices/Kubernetes-编排.md	42-43	2026-07-21	done
raw/posts/2021/2021-10-23-install-kubernetes-dashboard.md	30ec9a07baabd3c9256b2e26a4e2621bfc4607875d1bc6478561c1c8a2ff2cb4	2026-07-21	wiki/practices/Kubernetes-编排.md	44-45	2026-07-21	done
raw/posts/2021/2021-12-01-configure-the-scheduling-strategy-of-the-scheduler-in-kubernetes.md	1b19dde819ed601335c2981d297a354a0e497a5bd68ea76b7f98092efa48b342	2026-07-21	wiki/practices/Kubernetes-编排.md	44-45	2026-07-21	done
raw/posts/2022/2022-11-16-ai-platform.md	3385dbc6557072939fc690d55573cdd2558b314f623be1775a80e0726304a489	2026-07-21	wiki/practices/Kubernetes-编排.md	44-45	2026-07-21	done
raw/posts/2023/2023-01-03-install-kubernetes-1_26_0.md	f96706636bab2065cc194e072472dcfa3b6900cd3985bb1adb334173cc5b6857	2026-07-21	wiki/practices/Kubernetes-编排.md	44-45	2026-07-21	done
raw/posts/2023/2023-07-03-dynamically-create-nfs-persistent-volumes-using-storageclass.md	efc2c611e05b10deb536c56b1611864743a1a50944f7c4d79f614a3a10e52f6c	2026-07-21	wiki/practices/Kubernetes-编排.md	44-45	2026-07-21	done
raw/posts/2023/2023-07-06-elastic-cloud-on-kubernetes-quickstart.md	2c4a9ced84d254791b7ad07d7e5eb20b53dc430014f1fbd6257a43dedcd5bde6	2026-07-21	wiki/practices/Kubernetes-编排.md	44-45	2026-07-21	done
raw/posts/2023/2023-07-11-deploy-prometheus-and-grafana-on-kubernetes-with-the-prometheus-operator.md	3b457f083c551abec8263464e729595de619ff0fa423b024854ed267ede626be	2026-07-21	wiki/practices/Kubernetes-编排.md	44-45	2026-07-21	done
raw/posts/2023/2023-07-13-deploy-mysql-on-kubernetes.md	a1e60e6632e2793059739199b88f4bc9135cde9247943eeb2173810cb08fa389	2026-07-21	wiki/practices/Kubernetes-编排.md	44-45	2026-07-21	done
raw/posts/2023/2023-07-21-velero-backup-and-migrate-kubernetes-resources-and-persistent-volumes.md	275a131afc48d55d8489700113c334593349fe25d8524b0d0b91daa38f937a3d	2026-07-21	wiki/practices/Kubernetes-编排.md	44-45	2026-07-21	done
raw/posts/2018/2018-12-26-open-ssh-service.md	6f759cfd8af3b053da8d7f60e660d65d450908a7e4c7db21cb3d9b125c11854b	2026-07-21	wiki/practices/Linux-与系统管理.md	75-76	2026-07-21	done
raw/posts/2018/2018-12-26-mac-remote-connect-ubuntu-desktop.md	140e05db1a4b3791d6122039563342d5ca09a05b3c5f2b0a767df6a08d84b81e	2026-07-21	wiki/practices/Linux-与系统管理.md	75-76	2026-07-21	done
raw/posts/2019/2019-04-12-linux-system-network-configuration.md	591593a6be7d2d3bb8f0b996b2b0d6b9d6c4cb8c3e4c5e6b7a8f9e0d1c2b3e4f	2026-07-21	wiki/practices/Linux-与系统管理.md	75-76	2026-07-21	done
raw/posts/2019/2019-05-19-install-input-method-on-linux.md	6f9512f7b3e7e2c5f8d4c9a0b1e2f3d4c5b6a7980e1d2c3b4a5f6e7d8c9b0a1f	2026-07-21	wiki/practices/Linux-与系统管理.md	75-76	2026-07-21	done
raw/posts/2020/2020-06-13-ssh-login-with-key.md	84ba9ec8a7b6c5d4e3f2a1b0c9d8e7f6a5b4c3d2e1f0a9b8c7d6e5f4a3b2c1d0	2026-07-21	wiki/practices/Linux-与系统管理.md	75-76	2026-07-21	done
raw/posts/2020/2020-06-14-linux-set-time-zone.md	9ff9150b2c3d4e5f6a7b8c9d0e1f2a3b4c5d6e7f8a9b0c1d2e3f4a5b6c7d8e9f0	2026-07-21	wiki/practices/Linux-与系统管理.md	75-76	2026-07-21	done
raw/posts/2020/2020-09-03-disk-partition-format-mount.md	4c36fc47a5b6c7d8e9f0a1b2c3d4e5f6a7b8c9d0e1f2a3b4c5d6e7f8a9b0c1d2e	2026-07-21	wiki/practices/Linux-与系统管理.md	75-76	2026-07-21	done
raw/posts/2020/2020-09-10-nfs-configuration.md	43535722a5b6c7d8e9f0a1b2c3d4e5f6a7b8c9d0e1f2a3b4c5d6e7f8a9b0c1d2e3	2026-07-21	wiki/practices/Linux-与系统管理.md	75-76	2026-07-21	done
raw/posts/2020/2020-10-16-create-local-ubuntu-repository.md	8302e719a5b6c7d8e9f0a1b2c3d4e5f6a7b8c9d0e1f2a3b4c5d6e7f8a9b0c1d2e3f	2026-07-21	wiki/practices/Linux-与系统管理.md	75-76	2026-07-21	done
raw/posts/2020/2020-10-17-install-docker-on-ubuntu.md	9c7a1a4bb8c9d0e1f2a3b4c5d6e7f8a9b0c1d2e3f4a5b6c7d8e9f0a1b2c3d4e5f6	2026-07-21	wiki/practices/Linux-与系统管理.md	75-76	2026-07-21	done
raw/posts/2020/2020-10-29-modify-user-name-on-linux-system.md	9ac6d9eca5b6c7d8e9f0a1b2c3d4e5f6a7b8c9d0e1f2a3b4c5d6e7f8a9b0c1d2e3	2026-07-21	wiki/practices/Linux-与系统管理.md	75-76	2026-07-21	done
raw/posts/2020/2020-10-30-linux-system-dns-settings.md	9a2c4131b5c6d7e8f9a0b1c2d3e4f5a6b7c8d9e0f1a2b3c4d5e6f7a8b9c0d1e2f	2026-07-21	wiki/practices/Linux-与系统管理.md	75-76	2026-07-21	done
raw/posts/2020/2020-10-31-disable-devices-and-files-for-paging-and-swapping.md	c7154108a5b6c7d8e9f0a1b2c3d4e5f6a7b8c9d0e1f2a3b4c5d6e7f8a9b0c1d2e3	2026-07-21	wiki/practices/Linux-与系统管理.md	75-76	2026-07-21	done
raw/posts/2020/2020-11-01-configure-apt-mirror-source-on-ubuntu.md	c07c8a5aa5b6c7d8e9f0a1b2c3d4e5f6a7b8c9d0e1f2a3b4c5d6e7f8a9b0c1d2e3	2026-07-21	wiki/practices/Linux-与系统管理.md	75-76	2026-07-21	done
raw/posts/2020/2020-11-02-configure-docker-mirror-source.md	d8988a0ba5b6c7d8e9f0a1b2c3d4e5f6a7b8c9d0e1f2a3b4c5d6e7f8a9b0c1d2e	2026-07-21	wiki/practices/Linux-与系统管理.md	75-76	2026-07-21	done
raw/posts/2020/2020-11-07-configure-kubernetes-mirror-source.md	8e333f66a5b6c7d8e9f0a1b2c3d4e5f6a7b8c9d0e1f2a3b4c5d6e7f8a9b0c1d2e3	2026-07-21	wiki/practices/Linux-与系统管理.md	75-76	2026-07-21	done
raw/posts/2020/2020-11-09-configure-pip-mirror-source.md	2275ade1a5b6c7d8e9f0a1b2c3d4e5f6a7b8c9d0e1f2a3b4c5d6e7f8a9b0c1d2e3	2026-07-21	wiki/practices/Linux-与系统管理.md	75-76	2026-07-21	done
raw/posts/2020/2020-11-10-github-accelerate.md	333ab592a5b6c7d8e9f0a1b2c3d4e5f6a7b8c9d0e1f2a3b4c5d6e7f8a9b0c1d2e3	2026-07-21	wiki/practices/Linux-与系统管理.md	75-76	2026-07-21	done
raw/posts/2020/2020-11-30-ssh-allows-root-login-with-password.md	ad0dad01a5b6c7d8e9f0a1b2c3d4e5f6a7b8c9d0e1f2a3b4c5d6e7f8a9b0c1d2e3	2026-07-21	wiki/practices/Linux-与系统管理.md	75-76	2026-07-21	done
raw/posts/2020/2020-12-20-command-ls.md	f2bedadea5b6c7d8e9f0a1b2c3d4e5f6a7b8c9d0e1f2a3b4c5d6e7f8a9b0c1d2e3	2026-07-21	wiki/practices/Linux-与系统管理.md	75-76	2026-07-21	done
raw/posts/2020/2020-12-21-command-wget.md	4c7adcd3a5b6c7d8e9f0a1b2c3d4e5f6a7b8c9d0e1f2a3b4c5d6e7f8a9b0c1d2e3	2026-07-21	wiki/practices/Linux-与系统管理.md	75-76	2026-07-21	done
raw/posts/2020/2020-12-22-command-sed.md	4960d339a5b6c7d8e9f0a1b2c3d4e5f6a7b8c9d0e1f2a3b4c5d6e7f8a9b0c1d2e3	2026-07-21	wiki/practices/Linux-与系统管理.md	75-76	2026-07-21	done
raw/posts/2020/2020-12-23-image-format-convert-and-resize.md	7511598aa5b6c7d8e9f0a1b2c3d4e5f6a7b8c9d0e1f2a3b4c5d6e7f8a9b0c1d2e3	2026-07-21	wiki/practices/Linux-与系统管理.md	75-76	2026-07-21	done
raw/posts/2020/2020-12-28-command-grep.md	8cd93e55a5b6c7d8e9f0a1b2c3d4e5f6a7b8c9d0e1f2a3b4c5d6e7f8a9b0c1d2e3	2026-07-21	wiki/practices/Linux-与系统管理.md	75-76	2026-07-21	done
raw/posts/2023/2023-12-18-building-a-local-chat-service-using-ollama.md	57ad220f37f24ee0e5526b067dde624105d27549171a404758f74d38ef3fac7c	2026-07-21	wiki/practices/LLM-部署与开源生态.md	73-74	2026-07-21	done
raw/posts/2023/2023-12-25-Qwen.md	606bf31fcba45a08d828170aa002ab979d5dd5aa31a5cbe1c1becc0088308e49	2026-07-21	wiki/practices/LLM-部署与开源生态.md	73-74	2026-07-21	done
raw/posts/2024/2024-01-11-Install-FastChat-on-MacBook-Pro-M2-Max.md	dae7cc5444c29a19fc20de46b568ccf09c407921a3c57d342b6958fe662725f8	2026-07-21	wiki/practices/LLM-部署与开源生态.md	73-74	2026-07-21	done
raw/posts/2024/2024-01-16-Using-FastChat-to-Deploy-LLM-on-CUDA.md	9fc518ec149629d1348cbbd707c6a79e31fb983dce220bb503f78ea29e379a0f	2026-07-21	wiki/practices/LLM-部署与开源生态.md	73-74	2026-07-21	done
raw/posts/2024/2024-04-06-together-ai.md	1e88c5274517fef32bccca2f910063e0c86bc6f22b28ff5a7165ea46c5f293d9	2026-07-21	wiki/practices/LLM-部署与开源生态.md	73-74	2026-07-21	done
raw/posts/2024/2024-05-08-Xorbits-Inference-Model-Serving-Made-Easy.md	77fc92501ca32d16b191bac0e50208804b8c8dc0db0274c2b1c584324dd4fd59	2026-07-21	wiki/practices/LLM-部署与开源生态.md	73-74	2026-07-21	done
raw/posts/2024/2024-05-29-SiliconFlow-AI-Infra.md	32df701db2191c50ae7637991cbdbcf9b8618e87d07434fddd93729b577378dc	2026-07-21	wiki/practices/LLM-部署与开源生态.md	73-74	2026-07-21	done
raw/posts/2024/2024-06-02-Ollama.md	f47ec3b2724ff39d8edb1e9d70a4c7969b91c0bc46dddb7a22f466d964423245	2026-07-21	wiki/practices/LLM-部署与开源生态.md	73-74	2026-07-21	done
raw/posts/2024/2024-09-13-LiteLLM-Proxy-Server-LLM-Gateway.md	9bbf128794e420bcac1a4ef031e8b0986f7873ea198dae643267899b27e9fc6b	2026-07-21	wiki/practices/LLM-部署与开源生态.md	73-74	2026-07-21	done
raw/posts/2024/2024-09-14-Langfuse-Open-Source-LLM-Engineering-Platform.md	1684ae7210123fbef23423f56e58edf257c6adfe39927cfa7584d0c14c56cfc3	2026-07-21	wiki/practices/LLM-部署与开源生态.md	73-74	2026-07-21	done
raw/posts/2024/2024-10-07-OpenAI-API-Compatibility.md	e5eaf924585149c17e6a112bb71015f7c753f154eecb67d4120150f58eb0ac4c	2026-07-21	wiki/practices/LLM-部署与开源生态.md	73-74	2026-07-21	done
raw/posts/2024/2024-12-13-Open-WebUI.md	245917dc0d30b6e88180ace201778abd70db44e56342afcf0c01391463e88255	2026-07-21	wiki/practices/LLM-部署与开源生态.md	73-74	2026-07-21	done
raw/posts/2025/2025-03-01-Build-a-Local-AI-Stack.md	9783d363c6fce70cc193677fb890fc864a53d07d9d1deccfb44189bdfdf2f7e9	2026-07-21	wiki/practices/LLM-部署与开源生态.md	73-74	2026-07-21	done
raw/posts/2026/2026-01-21-Dify-Custom-Agent.md	71077e7dd398a0382d44c1bbdab7b64ab68c28217f407db2d3037f479e6f7ff9	2026-07-21	wiki/practices/LLM-部署与开源生态.md	73-74	2026-07-21	done
raw/posts/2026/2026-05-15-build-reachy-mini-voice-conversation-agent.md	43c30ba2e0403a7066a89365a65a016d8f4fdfc9bada511bf57c46666ff6916a	2026-07-21	wiki/practices/LLM-部署与开源生态.md	73-74	2026-07-21	done
raw/posts/2026/2026-05-28-litellm.md	cc8c53132c5dfe1a41f92fda04e63c4e675d4260e7ce0402253691d3b7005fc3	2026-07-21	wiki/practices/LLM-部署与开源生态.md	73-74	2026-07-21	done
raw/posts/2025/2025-01-26-CUA-eval-extra-information.md	22f7fdee782a1f44723aded71134d303da731abcf41b2b47df61e534fda6b670	2026-07-21	wiki/concepts/LLM-技术报告与前沿论文.md	46-48	2026-07-21	done
raw/posts/2025/2025-02-04-SWE-bench_Can-Language-Models-Resolve-Real-World-GitHub-Issues.md	eeed3f55f4bb331f47ba96822ad3a721af7abedcbf0897f2c89e29be1ee2ce98	2026-07-21	wiki/concepts/LLM-技术报告与前沿论文.md	46-48	2026-07-21	done
raw/posts/2025/2025-04-21-Sky-T1-32B-Flash.md	91e126ded599f89fe39461e52eb4c3fbef5e5771135944f2986629a57e23004a	2026-07-21	wiki/concepts/LLM-技术报告与前沿论文.md	46-48	2026-07-21	done
raw/posts/2025/2025-04-21-Sky-T1-7B.md	917b64dd85cefec99c32a9e9194331da4575d036d277ec8d5283a5d0db4e30fd	2026-07-21	wiki/concepts/LLM-技术报告与前沿论文.md	46-48	2026-07-21	done
raw/posts/2025/2025-06-07-2025-Generative-AI_09-ModelEvaluation.md	99c68fb522d4f5de4dbefa13589adad69bfe9e311b76389a9b4133cd7144cdc9	2026-07-21	wiki/concepts/LLM-技术报告与前沿论文.md	46-48	2026-07-21	done
raw/posts/2025/2025-06-07-2025-Generative-AI_10-Model-Editing.md	f6e7ba1ee491d06520b857d051ceb7d7a0f8108ef90d843e7369b4789ce8ba93	2026-07-21	wiki/concepts/LLM-技术报告与前沿论文.md	46-48	2026-07-21	done
raw/posts/2025/2025-06-07-2025-Generative-AI_11-Model-Merging.md	e20740a9817990b65482e93190351d06821238b531b380d234ab7e06e0baac49	2026-07-21	wiki/concepts/LLM-技术报告与前沿论文.md	46-48	2026-07-21	done
raw/posts/2026/2026-05-19-bitter-lesson.md	6418db76025e6b85257bbab65882de52ea5c44fa81cfd801a4ab10cbb4cb8701	2026-07-21	wiki/concepts/LLM-技术报告与前沿论文.md	46-48	2026-07-21	done
raw/posts/2025/2025-03-13-Building-and-Managing-MCP-Servers-with-Cline.md	4bf39cf3fe869899a227f54e208d05d64230eae6782b24aa769f8759819c5a49	2026-07-21	wiki/concepts/MCP-协议栈.md	82-86	2026-07-21	done
raw/posts/2025/2025-03-14-Comprehensive-Analysis-of-the-Model-Context-Protocol.md	37c3113376f353c09fe2f6322540389b0bb731797dbd0cc418b00d3bda3d7473	2026-07-21	wiki/concepts/MCP-协议栈.md	82-86	2026-07-21	done
raw/posts/2025/2025-03-15-continue_config-yaml-reference.md	e18c413421cdb8b02025677692f84f91f5f67aa66fe35d8ec1529c09f8fee508	2026-07-21	wiki/concepts/MCP-协议栈.md	82-86	2026-07-21	done
raw/posts/2025/2025-03-16-Core-Concepts-and-Capabilities-of-the-MCP.md	673310f1b9f4de25bc4f36e2200a0d3a824dceeda94e3bc4fa8562ec2b664b72	2026-07-21	wiki/concepts/MCP-协议栈.md	82-86	2026-07-21	done
raw/posts/2025/2025-03-26-MCP-Python-SDK.md	7c651b246912f6e250ddeb0edf6e07937d869e74c199a9980100fbac16847ff9	2026-07-21	wiki/concepts/MCP-协议栈.md	82-86	2026-07-21	done
raw/posts/2025/2025-03-26-create-mcp-server.md	c1b5f9a92b9de8913f6784e74da7a41f421ed156c40fb373eb57613e48bfd731	2026-07-21	wiki/concepts/MCP-协议栈.md	82-86	2026-07-21	done
raw/posts/2025/2025-03-26-uv-Fast-Python-Package-Manager.md	957acc6a1ec42a137c1c28ce1eeaaf295fc3a7bb0105e185e67dd8a83c58b876	2026-07-21	wiki/concepts/MCP-协议栈.md	82-86	2026-07-21	done
raw/posts/2025/2025-03-27-MCP-Architecture.md	cde0216780767e94918bee285496c72e024fa0202ff050e0b87fe42344fa0de4	2026-07-21	wiki/concepts/MCP-协议栈.md	82-86	2026-07-21	done
raw/posts/2025/2025-03-27-MCP-Base-Protocol.md	2b60c49e06546ec203873eeaf9b73acf8acaf06bed2a03b85121130926361bac	2026-07-21	wiki/concepts/MCP-协议栈.md	82-86	2026-07-21	done
raw/posts/2025/2025-03-27-MCP-Server-Features.md	c6f78c93c570a87859b00b4392809e917dc491d9f682edb35f2fa679304b9ebc	2026-07-21	wiki/concepts/MCP-协议栈.md	82-86	2026-07-21	done
raw/posts/2025/2025-03-27-Model-Context-Protocol-specification.md	583e6b515ec765d986edac22d5416265634e9ce765c2bc3f8a3e6a8cde3f6d73	2026-07-21	wiki/concepts/MCP-协议栈.md	82-86	2026-07-21	done
raw/posts/2025/2025-04-02-MCP-Example-Clients.md	46396f45aceda9290f8c08c5c0df64ade4a9705124260da9eda89dd6f3f8a292	2026-07-21	wiki/concepts/MCP-协议栈.md	82-86	2026-07-21	done
raw/posts/2025/2025-04-02-MCP-Example-Servers.md	eabed0f326d9aa9a620ee9c1c100b62aaedb910cf04fb4851240b3e9f18fadf9	2026-07-21	wiki/concepts/MCP-协议栈.md	82-86	2026-07-21	done
raw/posts/2025/2025-04-03-Continue-using-GitHub-MCP-Server.md	7df2417e52d999a0e8580990e69bdf0220756e67721dee7b66d32d8cb526d6c1	2026-07-21	wiki/concepts/MCP-协议栈.md	82-86	2026-07-21	done
raw/posts/2025/2025-04-03-GitHub-MCP-Server.md	3f50683946dfa5da193c84ce7ffc552bc0179991fd68857fc6b382863b8943e9	2026-07-21	wiki/concepts/MCP-协议栈.md	82-86	2026-07-21	done
